Identifiant station;Code postal;Adresse;Opérateurs;Motorisation;Etat fonctionnel;URL Opérateur;Complément adresse;Nombre de places réservées;geo_shape;geo_point_2d
18-T134;75020;9 RUE HAXO;Communauto;Thermique & hybride;oui;https://paris.communauto.com/;;2;"{""coordinates"": [2.4051600002879416, 48.8696760002479], ""type"": ""Point""}";48.8696760002479,2.4051600002879416
E-029;75009;26 AVENUE TRUDAINE;Ubeeqo (avec bornes);Electrique & hybride rechargeable;oui;https://www.ubeeqo.com/;;5;"{""coordinates"": [2.3410979996257097, 48.881025000215956], ""type"": ""Point""}";48.881025000215956,2.3410979996257097
E-057;75012;15 AVENUE DU GENERAL LAPERRINE;Ubeeqo (avec bornes);Electrique & hybride rechargeable;oui;https://www.ubeeqo.com/;;6;"{""coordinates"": [2.4076395000045268, 48.834621000006244], ""type"": ""Point""}";48.834621000006244,2.4076395000045268
E-085;75015;161 AVENUE DE SUFFREN;Ubeeqo (avec bornes);Electrique & hybride rechargeable;oui;https://www.ubeeqo.com/;;6;"{""coordinates"": [2.3095529999284348, 48.84597900030509], ""type"": ""Point""}";48.84597900030509,2.3095529999284348
E-090;75016;24 AVENUE D IENA;Ubeeqo (avec bornes);Electrique & hybride rechargeable;oui;https://www.ubeeqo.com/;;4;"{""coordinates"": [2.2945950000815336, 48.86539199991618], ""type"": ""Point""}";48.86539199991618,2.2945950000815336
E-093;75016;2 AVENUE MOZART;Ubeeqo (avec bornes);Electrique & hybride rechargeable;oui;https://www.ubeeqo.com/;;4;"{""coordinates"": [2.2738139998250264, 48.85792199983744], ""type"": ""Point""}";48.85792199983744,2.2738139998250264
E-097;75016;32 BOULEVARD EXELMANS;Ubeeqo (avec bornes);Electrique & hybride rechargeable;oui;https://www.ubeeqo.com/;;5;"{""coordinates"": [2.264489999762492, 48.841326000257965], ""type"": ""Point""}";48.841326000257965,2.264489999762492
U-026;75012;116 RUE DE REUILLY;Clem-e;Electrique & hybride rechargeable;oui;https://www.clem-e.com/;;5;"{""coordinates"": [2.394571500605843, 48.84026400041291], ""type"": ""Point""}";48.84026400041291,2.394571500605843
15-T036;75010;3 AVENUE CLAUDE VELLEFAUX;Getaround;Thermique & hybride;oui;https://fr.getaround.com/;;2;"{""coordinates"": [2.3701590003404496, 48.87433799955462], ""type"": ""Point""}";48.87433799955462,2.3701590003404496
15-T038;75011;1 RUE ALEXANDRE DUMAS;Communauto;Thermique & hybride;oui;https://paris.communauto.com/;;2;"{""coordinates"": [2.3889464998737764, 48.852881999560076], ""type"": ""Point""}";48.852881999560076,2.3889464998737764
15-T054;75006;2 RUE DE FLEURUS;Getaround;Thermique & hybride;oui;https://fr.getaround.com/;;2;"{""coordinates"": [2.33216099965221, 48.847104000283956], ""type"": ""Point""}";48.847104000283956,2.33216099965221
15-T088;75018;69 RUE RAMEY;Getaround;Thermique & hybride;oui;https://fr.getaround.com/;;2;"{""coordinates"": [2.34489150058821, 48.8912940000654], ""type"": ""Point""}";48.8912940000654,2.34489150058821
15-T096;75019;12 AVENUE DE FLANDRE;Communauto;Thermique & hybride;oui;https://paris.communauto.com/;;2;"{""coordinates"": [2.3700959999692186, 48.884912999567824], ""type"": ""Point""}";48.884912999567824,2.3700959999692186
18-T019;75010;21 RUE CHATEAU D EAU;Communauto;Thermique & hybride;oui;https://paris.communauto.com/;;2;"{""coordinates"": [2.359979999641894, 48.87018000042679], ""type"": ""Point""}";48.87018000042679,2.359979999641894
18-T017;75009;7 PLACE D ESTIENNE D ORVES;Getaround;Thermique & hybride;oui;https://fr.getaround.com/;;2;"{""coordinates"": [2.3309909994516396, 48.876965999800916], ""type"": ""Point""}";48.876965999800916,2.3309909994516396
18-T054;75014;144 RUE RAYMOND LOSSERAND;Getaround;Thermique & hybride;oui;https://fr.getaround.com/;;2;"{""coordinates"": [2.312972999413203, 48.83136299971684], ""type"": ""Point""}";48.83136299971684,2.312972999413203
18-T062;75015;1 RUE HOUDART DE LAMOTTE;Getaround;Thermique & hybride;oui;https://fr.getaround.com/;;2;"{""coordinates"": [2.2877684993916954, 48.84080400012629], ""type"": ""Point""}";48.84080400012629,2.2877684993916954
18-T088;75016;31 BIS RUE MOLITOR;Ubeeqo;Thermique & hybride;oui;https://www.ubeeqo.com/;;2;"{""coordinates"": [2.2626674993294937, 48.845114999736495], ""type"": ""Point""}";48.845114999736495,2.2626674993294937
18-T099;75017;62 AVENUE DE LA GRANDE ARMEE;Getaround;Thermique & hybride;oui;https://fr.getaround.com/;;2;"{""coordinates"": [2.2863150003532993, 48.87691200002142], ""type"": ""Point""}";48.87691200002142,2.2863150003532993
18-T053;75014;60 RUE PERNETY;Getaround;Thermique & hybride;oui;https://fr.getaround.com/;;2;"{""coordinates"": [2.3166629998831705, 48.834954000038394], ""type"": ""Point""}";48.834954000038394,2.3166629998831705
18-T114;75018;7 RUE TOURLAQUE;Communauto;Thermique & hybride;oui;https://paris.communauto.com/;;2;"{""coordinates"": [2.333074500436109, 48.88762200019221], ""type"": ""Point""}";48.88762200019221,2.333074500436109
18-T122;75019;17 BIS AVENUE JEAN JAURES;Communauto;Thermique & hybride;oui;https://paris.communauto.com/;;2;"{""coordinates"": [2.372489999875941, 48.883536000000355], ""type"": ""Point""}";48.883536000000355,2.372489999875941
18-T129;75019;18 RUE DE BOTZARIS;Communauto;Thermique & hybride;oui;https://paris.communauto.com/;;2;"{""coordinates"": [2.3812694997082082, 48.87702900037999], ""type"": ""Point""}";48.87702900037999,2.3812694997082082
E-007;75004;24 RUE DU PONT LOUIS PHILLIPPE;Ubeeqo (avec bornes);Electrique & hybride rechargeable;oui;https://www.ubeeqo.com/;;6;"{""coordinates"": [2.3563620002149244, 48.855698999615264], ""type"": ""Point""}";48.855698999615264,2.3563620002149244
E-039;75011;1 AVENUE PHILIPPE AUGUSTE;Ubeeqo (avec bornes);Electrique & hybride rechargeable;oui;https://www.ubeeqo.com/;;5;"{""coordinates"": [2.3949990003638937, 48.84947999972787], ""type"": ""Point""}";48.84947999972787,2.3949990003638937
E-042;75011;36 AVENUE DE LA REPUBLIQUE;Ubeeqo (avec bornes);Electrique & hybride rechargeable;oui;https://www.ubeeqo.com/;;4;"{""coordinates"": [2.3720580004433547, 48.86558999960183], ""type"": ""Point""}";48.86558999960183,2.3720580004433547
E-048;75012;88 AVENUE LEDRU ROLLIN;Ubeeqo (avec bornes);Electrique & hybride rechargeable;oui;https://www.ubeeqo.com/;;6;"{""coordinates"": [2.375428500438242, 48.850469999842005], ""type"": ""Point""}";48.850469999842005,2.375428500438242
E-099;75016;10 RUE DU RANELAGH;Ubeeqo (avec bornes);Electrique & hybride rechargeable;oui;https://www.ubeeqo.com/;;6;"{""coordinates"": [2.2793804996302853, 48.85328700012342], ""type"": ""Point""}";48.85328700012342,2.2793804996302853
E-121;75018;111 RUE DUHESME;Ubeeqo (avec bornes);Electrique & hybride rechargeable;oui;https://www.ubeeqo.com/;;6;"{""coordinates"": [2.3455439999581196, 48.89547899981325], ""type"": ""Point""}";48.89547899981325,2.3455439999581196
E-119;75018;19 RUE POLONCEAU;Ubeeqo (avec bornes);Electrique & hybride rechargeable;oui;https://www.ubeeqo.com/;;4;"{""coordinates"": [2.3531805004235804, 48.88558800007056], ""type"": ""Point""}";48.88558800007056,2.3531805004235804
U-044;75018;65 RUE ORDENER;Clem-e;Electrique & hybride rechargeable;oui;https://www.clem-e.com/;;6;"{""coordinates"": [2.3505524998628995, 48.89127599988397], ""type"": ""Point""}";48.89127599988397,2.3505524998628995
15-T025;75008;14 AVENUE DE MESSINE;Ubeeqo;Thermique & hybride;oui;https://www.ubeeqo.com/;;2;"{""coordinates"": [2.3140665004296563, 48.876065999713], ""type"": ""Point""}";48.876065999713,2.3140665004296563
15-T026;75008;40 RUE FRANCOIS 1ER;Ubeeqo;Thermique & hybride;oui;https://www.ubeeqo.com/;;2;"{""coordinates"": [2.3044184999951898, 48.86834400000702], ""type"": ""Point""}";48.86834400000702,2.3044184999951898
15-T066;75014;21 RUE DU DEPART;Getaround;Thermique & hybride;oui;https://fr.getaround.com/;;2;"{""coordinates"": [2.3233679997548546, 48.8422170003687], ""type"": ""Point""}";48.8422170003687,2.3233679997548546
15-T076;75015;2 RUE DE CHERBOURG;Ubeeqo;Thermique & hybride;oui;https://www.ubeeqo.com/;;2;"{""coordinates"": [2.304522000009308, 48.83175899971609], ""type"": ""Point""}";48.83175899971609,2.304522000009308
15-T082;75017;6 AVENUE DES TERNES;Communauto;Thermique & hybride;oui;https://paris.communauto.com/;;2;"{""coordinates"": [2.29656600062455, 48.878288999777], ""type"": ""Point""}";48.878288999777,2.29656600062455
18-T028;75011;151 RUE SAINT MAUR;Ubeeqo;Thermique & hybride;oui;https://www.ubeeqo.com/;;2;"{""coordinates"": [2.375018999849271, 48.86818199984137], ""type"": ""Point""}";48.86818199984137,2.375018999849271
18-T032;75012;45 TER BOULEVARD DE DIDEROT;Getaround;Thermique & hybride;oui;https://fr.getaround.com/;;2;"{""coordinates"": [2.379964499657698, 48.84672600041054], ""type"": ""Point""}";48.84672600041054,2.379964499657698
18-T059;75015;26 RUE DE CRONSTADT;Ubeeqo;Thermique & hybride;oui;https://www.ubeeqo.com/;;2;"{""coordinates"": [2.3015474994109546, 48.83400000003938], ""type"": ""Point""}";48.83400000003938,2.3015474994109546
18-T060;75015;58 AVENUE EMILE ZOLA;Getaround;Thermique & hybride;oui;https://fr.getaround.com/;;2;"{""coordinates"": [2.2838625005153834, 48.846339000135956], ""type"": ""Point""}";48.846339000135956,2.2838625005153834
18-T073;75015;9 RUE GAGER GABILLOT;Communauto;Thermique & hybride;oui;https://paris.communauto.com/;;2;"{""coordinates"": [2.3063264998710804, 48.8374920001122], ""type"": ""Point""}";48.8374920001122,2.3063264998710804
18-T098;75017;19 RUE DES RENAUDES;Getaround;Thermique & hybride;oui;https://fr.getaround.com/;;2;"{""coordinates"": [2.2989239997728026, 48.87992699973391], ""type"": ""Point""}";48.87992699973391,2.2989239997728026
18-T103;75017;2 RUE LEON CONSARD;Getaround;Thermique & hybride;oui;https://fr.getaround.com/;;2;"{""coordinates"": [2.312932499574673, 48.883599000256076], ""type"": ""Point""}";48.883599000256076,2.312932499574673
18-T106;75017;193 RUE LEGENDRE;Getaround;Thermique & hybride;oui;https://fr.getaround.com/;;2;"{""coordinates"": [2.3268825002137823, 48.892707000312285], ""type"": ""Point""}";48.892707000312285,2.3268825002137823
18-T120;75002;39 RUE VIVIENNE;Getaround;Thermique & hybride;oui;https://fr.getaround.com/;;2;"{""coordinates"": [2.34085500007425, 48.87049499963298], ""type"": ""Point""}";48.87049499963298,2.34085500007425
E-021;75007;9 BOULEVARD RASPAIL;Ubeeqo (avec bornes);Electrique & hybride rechargeable;oui;https://www.ubeeqo.com/;;6;"{""coordinates"": [2.3260365000040077, 48.85504199987978], ""type"": ""Point""}";48.85504199987978,2.3260365000040077
E-023;75008;91 RUE DU FAUBOURG SAINT HONORE;Ubeeqo (avec bornes);Electrique & hybride rechargeable;oui;https://www.ubeeqo.com/;;5;"{""coordinates"": [2.313036000125023, 48.87197999986677], ""type"": ""Point""}";48.87197999986677,2.313036000125023
E-047;75011;62 AVENUE PARMENTIER;Ubeeqo (avec bornes);Electrique & hybride rechargeable;oui;https://www.ubeeqo.com/;;4;"{""coordinates"": [2.376549000136347, 48.862790999725846], ""type"": ""Point""}";48.862790999725846,2.376549000136347
E-070;75014;46 RUE PERNETY;Ubeeqo (avec bornes);Electrique & hybride rechargeable;oui;https://www.ubeeqo.com/;;4;"{""coordinates"": [2.3178329999795273, 48.834252000283854], ""type"": ""Point""}";48.834252000283854,2.3178329999795273
E-058;75012;2 AVENUE DE LA PORTE DE CHARENTON;Ubeeqo (avec bornes);Electrique & hybride rechargeable;oui;https://www.ubeeqo.com/;;6;"{""coordinates"": [2.3979465003740135, 48.83145299985992], ""type"": ""Point""}";48.83145299985992,2.3979465003740135
E-079;75015;6 AVENUE EMILE ZOLA;Ubeeqo (avec bornes);Electrique & hybride rechargeable;oui;https://www.ubeeqo.com/;;4;"{""coordinates"": [2.278466999339401, 48.84606900004766], ""type"": ""Point""}";48.84606900004766,2.278466999339401
E-130;75019;69 RUE MANIN;Ubeeqo (avec bornes);Electrique & hybride rechargeable;oui;https://www.ubeeqo.com/;;4;"{""coordinates"": [2.3813730002249316, 48.88212300032316], ""type"": ""Point""}";48.88212300032316,2.3813730002249316
E-134;75019;9 RUE DES 7 ARPENTS;Ubeeqo (avec bornes);Electrique & hybride rechargeable;oui;https://www.ubeeqo.com/;;6;"{""coordinates"": [2.398787999837773, 48.88960200040353], ""type"": ""Point""}";48.88960200040353,2.398787999837773
E-136;75019;2 AVENUE RENE FONCK;Ubeeqo (avec bornes);Electrique & hybride rechargeable;oui;https://www.ubeeqo.com/;;5;"{""coordinates"": [2.4094664999050543, 48.87836099983054], ""type"": ""Point""}";48.87836099983054,2.4094664999050543
E-144;75020;3 RUE JEAN VEBER;Ubeeqo (avec bornes);Electrique & hybride rechargeable;oui;https://www.ubeeqo.com/;;6;"{""coordinates"": [2.409853500587584, 48.8625839999346], ""type"": ""Point""}";48.8625839999346,2.409853500587584
U-016;75008;61 BOULEVARD HAUSSMANN;Clem-e;Electrique & hybride rechargeable;oui;https://www.clem-e.com/;;4;"{""coordinates"": [2.3257034996896526, 48.873807000013926], ""type"": ""Point""}";48.873807000013926,2.3257034996896526
15-T024;75008;71 RUE DE COURCELLES;Communauto;Thermique & hybride;oui;https://paris.communauto.com/;;2;"{""coordinates"": [2.30435549947268, 48.87836999972981], ""type"": ""Point""}";48.87836999972981,2.30435549947268
15-T047;75011;151 AVENUE LEDRU ROLLIN;Getaround;Thermique & hybride;oui;https://fr.getaround.com/;;2;"{""coordinates"": [2.3781329996363145, 48.85504199976783], ""type"": ""Point""}";48.85504199976783,2.3781329996363145
15-T051;75012;28 BOULEVARD DIDEROT;Getaround;Thermique & hybride;oui;https://fr.getaround.com/;;2;"{""coordinates"": [2.3754014996055437, 48.84589799964469], ""type"": ""Point""}";48.84589799964469,2.3754014996055437
15-T062;75014;97 BOULEVARD ARAGO;Ubeeqo;Thermique & hybride;oui;https://www.ubeeqo.com/;;2;"{""coordinates"": [2.334154499643223, 48.83429699985689], ""type"": ""Point""}";48.83429699985689,2.334154499643223
15-T084;75017;115 RUE LEGENDRE;Getaround;Thermique & hybride;oui;https://fr.getaround.com/;;2;"{""coordinates"": [2.322359999959135, 48.88898100031615], ""type"": ""Point""}";48.88898100031615,2.322359999959135
18-T014;75008;5 RUE DE CONSTANTINOPLE;Getaround;Thermique & hybride;oui;https://fr.getaround.com/;;2;"{""coordinates"": [2.3212124997873107, 48.87962999955123], ""type"": ""Point""}";48.87962999955123,2.3212124997873107
18-T035;75012;7 BIS BOULEVARD DE PICPUS;Communauto;Thermique & hybride;oui;https://paris.communauto.com/;;2;"{""coordinates"": [2.400318000228478, 48.84059700001516], ""type"": ""Point""}";48.84059700001516,2.400318000228478
18-T039;75013;36 RUE BRILLAT SAVARIN;Communauto;Thermique & hybride;oui;https://paris.communauto.com/;;2;"{""coordinates"": [2.346043499935565, 48.822380999897135], ""type"": ""Point""}";48.822380999897135,2.346043499935565
18-T038;75013;8 RUE DU DOCTEUR BOURNEVILLE;Communauto;Thermique & hybride;oui;https://paris.communauto.com/;;2;"{""coordinates"": [2.3588324999603296, 48.81839400012579], ""type"": ""Point""}";48.81839400012579,2.3588324999603296
18-T036;75012;120 AVENUE DU GENERAL MICHEL BIZOT;Communauto;Thermique & hybride;oui;https://paris.communauto.com/;;2;"{""coordinates"": [2.404777499527325, 48.8402910001472], ""type"": ""Point""}";48.8402910001472,2.404777499527325
18-T047;75013;17 RUE EDOUARD MANET;Communauto;Thermique & hybride;oui;https://paris.communauto.com/;;2;"{""coordinates"": [2.35709999975049, 48.832991999927444], ""type"": ""Point""}";48.832991999927444,2.35709999975049
18-T072;75015;35 RUE DU DOCTEUR FINLAY;Communauto;Thermique & hybride;oui;https://paris.communauto.com/;;2;"{""coordinates"": [2.2906530000415692, 48.8515139996229], ""type"": ""Point""}";48.8515139996229,2.2906530000415692
18-T095;75017;88 BOULEVARD DES BATIGNOLLES;Communauto;Thermique & hybride;oui;https://paris.communauto.com/;;2;"{""coordinates"": [2.3177879994258346, 48.88177199980007], ""type"": ""Point""}";48.88177199980007,2.3177879994258346
18-T100;75017;181 BIS AVENUE DE CLICHY;Getaround;Thermique & hybride;oui;https://fr.getaround.com/;;2;"{""coordinates"": [2.31561449932502, 48.893076000186], ""type"": ""Point""}";48.893076000186,2.31561449932502
18-T050;75013;6 RUE DU CHATEAU DES RENTIERS;Communauto;Thermique & hybride;oui;https://paris.communauto.com/;;2;"{""coordinates"": [2.3714280003972785, 48.822759000049594], ""type"": ""Point""}";48.822759000049594,2.3714280003972785
18-T135;75006;2 RUE BERITE;Communauto;Thermique & hybride;oui;https://paris.communauto.com/;;2;"{""coordinates"": [2.324119499723481, 48.847626000173015], ""type"": ""Point""}";48.847626000173015,2.324119499723481
E-017;75006;3 RUE DE VAUGIRARD;Ubeeqo (avec bornes);Electrique & hybride rechargeable;oui;https://www.ubeeqo.com/;;5;"{""coordinates"": [2.3407155002069193, 48.84883200012686], ""type"": ""Point""}";48.84883200012686,2.3407155002069193
E-077;75014;6 RUE DE L OUEST;Ubeeqo (avec bornes);Electrique & hybride rechargeable;oui;https://www.ubeeqo.com/;;6;"{""coordinates"": [2.3219370000768778, 48.83741100000303], ""type"": ""Point""}";48.83741100000303,2.3219370000768778
E-086;75015;44 AVENUE DE SUFFREN;Ubeeqo (avec bornes);Electrique & hybride rechargeable;oui;https://www.ubeeqo.com/;;4;"{""coordinates"": [2.2963545003447665, 48.85389900015659], ""type"": ""Point""}";48.85389900015659,2.2963545003447665
E-092;75016;12 RUE CHERNOVIZ;Ubeeqo (avec bornes);Electrique & hybride rechargeable;oui;https://www.ubeeqo.com/;;4;"{""coordinates"": [2.281571999972061, 48.85766099958204], ""type"": ""Point""}";48.85766099958204,2.281571999972061
E-094;75016;77 RUE JEAN DE LA FONTAINE;Ubeeqo (avec bornes);Electrique & hybride rechargeable;oui;https://www.ubeeqo.com/;;4;"{""coordinates"": [2.266105499397914, 48.84875100002449], ""type"": ""Point""}";48.84875100002449,2.266105499397914
E-111;75017;7 RUE RAYMOND PITET;Ubeeqo (avec bornes);Electrique & hybride rechargeable;oui;https://www.ubeeqo.com/;;5;"{""coordinates"": [2.2963589994565696, 48.89000699988295], ""type"": ""Point""}";48.89000699988295,2.2963589994565696
E-150;75020;92 RUE DES ORTEAUX;Ubeeqo (avec bornes);Electrique & hybride rechargeable;oui;https://www.ubeeqo.com/;;4;"{""coordinates"": [2.4079005001652245, 48.85573499969486], ""type"": ""Point""}";48.85573499969486,2.4079005001652245
E-147;75020;6 RUE CHARLES ET ROBERT;Ubeeqo (avec bornes);Electrique & hybride rechargeable;oui;https://www.ubeeqo.com/;;6;"{""coordinates"": [2.4119370002025917, 48.85291799990873], ""type"": ""Point""}";48.85291799990873,2.4119370002025917
U-006;75003;17 BOULEVARD SAINT MARTIN;Clem-e;Electrique & hybride rechargeable;oui;https://www.clem-e.com/;;4;"{""coordinates"": [2.3600835005656857, 48.86812800036453], ""type"": ""Point""}";48.86812800036453,2.3600835005656857
U-013;75008;11 RUE D’ARTOIS;Clem-e;Electrique & hybride rechargeable;oui;https://www.clem-e.com/;;5;"{""coordinates"": [2.3077800006407836, 48.87284399987197], ""type"": ""Point""}";48.87284399987197,2.3077800006407836
U-051;75020;1 AVENUE GAMBETTA;Clem-e;Electrique & hybride rechargeable;oui;https://www.clem-e.com/;;6;"{""coordinates"": [2.388739500512615, 48.86330400017734], ""type"": ""Point""}";48.86330400017734,2.388739500512615
15-T052;75012;11 RUE DE POMMARD;Ubeeqo;Thermique & hybride;oui;https://www.ubeeqo.com/;;2;"{""coordinates"": [2.3846535000228988, 48.83566499974632], ""type"": ""Point""}";48.83566499974632,2.3846535000228988
15-T085;75017;22 PLACE CHARLES FILLION;Getaround;Thermique & hybride;oui;https://fr.getaround.com/;;2;"{""coordinates"": [2.3161319996422494, 48.888450000243594], ""type"": ""Point""}";48.888450000243594,2.3161319996422494
18-T058;75005;33 RUE DAUBENTON;Getaround;Thermique & hybride;oui;https://fr.getaround.com/;;2;"{""coordinates"": [2.3513850004646852, 48.84037200024416], ""type"": ""Point""}";48.84037200024416,2.3513850004646852
18-T056;75014;17 RUE D ALESIA;Communauto;Thermique & hybride;oui;https://paris.communauto.com/;;2;"{""coordinates"": [2.3342445005525305, 48.827457000095194], ""type"": ""Point""}";48.827457000095194,2.3342445005525305
18-T089;75016;137 AVENUE MOZART;Ubeeqo;Thermique & hybride;oui;https://www.ubeeqo.com/;;2;"{""coordinates"": [2.2666454999231758, 48.84939899998201], ""type"": ""Point""}";48.84939899998201,2.2666454999231758
18-T113;75018;183 RUE CHAMPIONNET;Getaround;Thermique & hybride;oui;https://fr.getaround.com/;;2;"{""coordinates"": [2.333511000018471, 48.89432700044054], ""type"": ""Point""}";48.89432700044054,2.333511000018471
18-T125;75019;147 RUE MANIN;Communauto;Thermique & hybride;oui;https://paris.communauto.com/;;2;"{""coordinates"": [2.392744500012472, 48.88522799976186], ""type"": ""Point""}";48.88522799976186,2.392744500012472
E-034;75010;11 RUE DE LA GRANGE AUX BELLES;Ubeeqo (avec bornes);Electrique & hybride rechargeable;oui;https://www.ubeeqo.com/;;5;"{""coordinates"": [2.364975000280324, 48.873833999927086], ""type"": ""Point""}";48.873833999927086,2.364975000280324
E-035;75010;26 RUE SAINT VINCENT DE PAUL;Ubeeqo (avec bornes);Electrique & hybride rechargeable;oui;https://www.ubeeqo.com/;;6;"{""coordinates"": [2.352766499355079, 48.88168199996482], ""type"": ""Point""}";48.88168199996482,2.352766499355079
E-062;75013;26 RUE DU BERBIER DU METS;Ubeeqo (avec bornes);Electrique & hybride rechargeable;oui;https://www.ubeeqo.com/;;4;"{""coordinates"": [2.3500350001245636, 48.835710000325804], ""type"": ""Point""}";48.835710000325804,2.3500350001245636
E-064;75013;4 AVENUE DE LA SOEUR ROSALIE;Ubeeqo (avec bornes);Electrique & hybride rechargeable;oui;https://www.ubeeqo.com/;;4;"{""coordinates"": [2.3541480001637893, 48.831975000408704], ""type"": ""Point""}";48.831975000408704,2.3541480001637893
E-065;75013;48 RUE EUGENE OUDINE;Ubeeqo (avec bornes);Electrique & hybride rechargeable;oui;https://www.ubeeqo.com/;;6;"{""coordinates"": [2.3726070004963957, 48.82515299959025], ""type"": ""Point""}";48.82515299959025,2.3726070004963957
E-104;75017;5 AVENUE MAC MAHON;Ubeeqo (avec bornes);Electrique & hybride rechargeable;oui;https://www.ubeeqo.com/;;6;"{""coordinates"": [2.294478000150658, 48.87553499988218], ""type"": ""Point""}";48.87553499988218,2.294478000150658
E-123;75018;35 RUE BOUCRY;Ubeeqo (avec bornes);Electrique & hybride rechargeable;oui;https://www.ubeeqo.com/;;5;"{""coordinates"": [2.35998000057622, 48.894894000422774], ""type"": ""Point""}";48.894894000422774,2.35998000057622
E-125;75019;8 RUE GASTON TESSIER;Ubeeqo (avec bornes);Electrique & hybride rechargeable;oui;https://www.ubeeqo.com/;;5;"{""coordinates"": [2.373588000275895, 48.89573100039279], ""type"": ""Point""}";48.89573100039279,2.373588000275895
U-002;75001;7 RUE DU COLONEL DRIANT;Clem-e;Electrique & hybride rechargeable;oui;https://www.clem-e.com/;;4;"{""coordinates"": [2.3406209997675655, 48.86324100025681], ""type"": ""Point""}";48.86324100025681,2.3406209997675655
V-003;75002;6 RUE DE PALESTRO;Clem-e;Electrique & hybride rechargeable;oui;https://www.clem-e.com/;;2;"{""coordinates"": [2.3513534997492043, 48.864923999647914], ""type"": ""Point""}";48.864923999647914,2.3513534997492043
15-T048;75012;11 AVENUE DU GENERAL LAPERRINE;Communauto;Thermique & hybride;oui;https://paris.communauto.com/;;2;"{""coordinates"": [2.4074505002553686, 48.834413999756144], ""type"": ""Point""}";48.834413999756144,2.4074505002553686
15-T108;75020;238 RUE DES PYRENEES;Communauto;Thermique & hybride;oui;https://paris.communauto.com/;;2;"{""coordinates"": [2.3964525005885315, 48.867705000448986], ""type"": ""Point""}";48.867705000448986,2.3964525005885315
18-T018;75001;11 RUE DES PYRAMIDES;Getaround;Thermique & hybride;oui;https://fr.getaround.com/;;2;"{""coordinates"": [2.332831499778696, 48.864968999774455], ""type"": ""Point""}";48.864968999774455,2.332831499778696
18-T024;75011;1 RUE CAMILLE DESMOULINS;Ubeeqo;Thermique & hybride;oui;https://www.ubeeqo.com/;;2;"{""coordinates"": [2.3803334997112278, 48.85865099981141], ""type"": ""Point""}";48.85865099981141,2.3803334997112278
18-T027;75011;57 RUE SAINT SEBASTIEN;Getaround;Thermique & hybride;oui;https://fr.getaround.com/;;2;"{""coordinates"": [2.373263999468111, 48.862331999975005], ""type"": ""Point""}";48.862331999975005,2.373263999468111
18-T023;75004;5 RUE NEUVE SAINT PIERRE;Getaround;Thermique & hybride;oui;https://fr.getaround.com/;;2;"{""coordinates"": [2.3636789998088323, 48.85359299971356], ""type"": ""Point""}";48.85359299971356,2.3636789998088323
18-T080;75016;87 AVENUE KLEBER;Communauto;Thermique & hybride;oui;https://paris.communauto.com/;;2;"{""coordinates"": [2.2884075004262447, 48.86423999977428], ""type"": ""Point""}";48.86423999977428,2.2884075004262447
18-T119;75006;4 RUE DANTON;Getaround;Thermique & hybride;oui;https://fr.getaround.com/;;2;"{""coordinates"": [2.3423040005151194, 48.85279200035271], ""type"": ""Point""}";48.85279200035271,2.3423040005151194
18-T140;75005;5 RUE DANTE;Communauto;Thermique & hybride;oui;https://paris.communauto.com/;;2;"{""coordinates"": [2.346758999418299, 48.851199000022305], ""type"": ""Point""}";48.851199000022305,2.346758999418299
E-024;75008;161 RUE DU FAUBOURG SAINT HONORE;Ubeeqo (avec bornes);Electrique & hybride rechargeable;oui;https://www.ubeeqo.com/;;6;"{""coordinates"": [2.3061599997508524, 48.874545000363035], ""type"": ""Point""}";48.874545000363035,2.3061599997508524
E-032;75010;203 RUE DU FAUBOURG SAINT MARTIN;Ubeeqo (avec bornes);Electrique & hybride rechargeable;oui;https://www.ubeeqo.com/;;6;"{""coordinates"": [2.3636655005142018, 48.88005300000105], ""type"": ""Point""}";48.88005300000105,2.3636655005142018
E-107;75017;14 RUE JOUFFROY D ABBANS;Ubeeqo (avec bornes);Electrique & hybride rechargeable;oui;https://www.ubeeqo.com/;;6;"{""coordinates"": [2.312203499800265, 48.88691100036924], ""type"": ""Point""}";48.88691100036924,2.312203499800265
U-046;75019;77 QUAI DE SEINE;Clem-e;Electrique & hybride rechargeable;oui;https://www.clem-e.com/;;4;"{""coordinates"": [2.3779574995723594, 48.88851299969958], ""type"": ""Point""}";48.88851299969958,2.3779574995723594
15-T014;75005;4 RUE VALETTE;Ubeeqo;Thermique & hybride;oui;https://www.ubeeqo.com/;;2;"{""coordinates"": [2.346700500185414, 48.84752700041314], ""type"": ""Point""}";48.84752700041314,2.346700500185414
15-T083;75017;28 AVENUE DE VILLIERS;Ubeeqo;Thermique & hybride;oui;https://www.ubeeqo.com/;;2;"{""coordinates"": [2.2848299993736116, 48.885552000412716], ""type"": ""Point""}";48.885552000412716,2.2848299993736116
18-T030;75012;3 RUE DE REUILLY;Ubeeqo;Thermique & hybride;oui;https://www.ubeeqo.com/;;2;"{""coordinates"": [2.3852070006683483, 48.84957900036591], ""type"": ""Point""}";48.84957900036591,2.3852070006683483
18-T044;75013;4 RUE TAGE;Ubeeqo;Thermique & hybride;oui;https://www.ubeeqo.com/;;2;"{""coordinates"": [2.357784000458602, 48.822228000266094], ""type"": ""Point""}";48.822228000266094,2.357784000458602
18-T070;75015;155 RUE DE LA CONVENTION;Getaround;Thermique & hybride;oui;https://fr.getaround.com/;;2;"{""coordinates"": [2.292844499752587, 48.838977000145334], ""type"": ""Point""}";48.838977000145334,2.292844499752587
18-T078;75016;16 PLACE DES ETATS UNIS;Communauto;Thermique & hybride;oui;https://paris.communauto.com/;;2;"{""coordinates"": [2.2927184998769103, 48.868433999675226], ""type"": ""Point""}";48.868433999675226,2.2927184998769103
18-T102;75017;122 BOULEVARD PEREIRE;Getaround;Thermique & hybride;oui;https://fr.getaround.com/;;2;"{""coordinates"": [2.296242000036509, 48.88469700039674], ""type"": ""Point""}";48.88469700039674,2.296242000036509
18-T111;75018;59 RUE LETORT;Getaround;Thermique & hybride;oui;https://fr.getaround.com/;;2;"{""coordinates"": [2.3438564993608892, 48.896928000061564], ""type"": ""Point""}";48.896928000061564,2.3438564993608892
18-T136;75020;168 RUE DE BAGNOLET;Communauto;Thermique & hybride;oui;https://paris.communauto.com/;;2;"{""coordinates"": [2.407706999578352, 48.86355599965868], ""type"": ""Point""}";48.86355599965868,2.407706999578352
E-005;75003;18 RUE DE LA PERLE;Ubeeqo (avec bornes);Electrique & hybride rechargeable;oui;https://www.ubeeqo.com/;;4;"{""coordinates"": [2.3613255002681757, 48.85979399963352], ""type"": ""Point""}";48.85979399963352,2.3613255002681757
E-043;75011;86 AVENUE DE LA REPUBLIQUE;Ubeeqo (avec bornes);Electrique & hybride rechargeable;oui;https://www.ubeeqo.com/;;6;"{""coordinates"": [2.3799510004280218, 48.86408700017111], ""type"": ""Point""}";48.86408700017111,2.3799510004280218
E-096;75016;101 AVENUE MOZART;Ubeeqo (avec bornes);Electrique & hybride rechargeable;oui;https://www.ubeeqo.com/;;4;"{""coordinates"": [2.2678335005432526, 48.85157700007367], ""type"": ""Point""}";48.85157700007367,2.2678335005432526
E-091;75016;31 AVENUE PIERRE 1ER DE SERBIE;Ubeeqo (avec bornes);Electrique & hybride rechargeable;oui;https://www.ubeeqo.com/;;5;"{""coordinates"": [2.298752999540296, 48.867254999861856], ""type"": ""Point""}";48.867254999861856,2.298752999540296
U-019;75010;10 RUE GUY PATIN;Clem-e;Electrique & hybride rechargeable;oui;https://www.clem-e.com/;;6;"{""coordinates"": [2.3513534999352124, 48.88342799976053], ""type"": ""Point""}";48.88342799976053,2.3513534999352124
V-002;75002;4 RUE DE PALESTRO;Clem-e;Electrique & hybride rechargeable;oui;https://www.clem-e.com/;;1;"{""coordinates"": [2.3512679999189854, 48.864771000196015], ""type"": ""Point""}";48.864771000196015,2.3512679999189854
15-T033;75010;20 RUE BEAUREPAIRE;Communauto;Thermique & hybride;oui;https://paris.communauto.com/;;2;"{""coordinates"": [2.3640389993311652, 48.87053100040011], ""type"": ""Point""}";48.87053100040011,2.3640389993311652
15-T043;75011;82 AVENUE DE LA REPUBLIQUE;Ubeeqo;Thermique & hybride;oui;https://www.ubeeqo.com/;;2;"{""coordinates"": [2.3793615006485647, 48.864203999624124], ""type"": ""Point""}";48.864203999624124,2.3793615006485647
15-T100;75020;57 BOULEVARD DE MENILMONTANT;Ubeeqo;Thermique & hybride;oui;https://www.ubeeqo.com/;;2;"{""coordinates"": [2.3875965004822066, 48.86195399956386], ""type"": ""Point""}";48.86195399956386,2.3875965004822066
18-T029;75011;76 RUE DU CHEMIN VERT;Getaround;Thermique & hybride;oui;https://fr.getaround.com/;;2;"{""coordinates"": [2.378987999831711, 48.8603519996689], ""type"": ""Point""}";48.8603519996689,2.378987999831711
18-T057;75014;97 AVENUE DU GENERAL LECLERC;Getaround;Thermique & hybride;oui;https://fr.getaround.com/;;2;"{""coordinates"": [2.3266619998283486, 48.82614300043578], ""type"": ""Point""}";48.82614300043578,2.3266619998283486
18-T082;75016;67 RUE DES VIGNES;Ubeeqo;Thermique & hybride;oui;https://www.ubeeqo.com/;;2;"{""coordinates"": [2.274129000572318, 48.85667099962438], ""type"": ""Point""}";48.85667099962438,2.274129000572318
18-T092;75017;65 BOULEVARD BERTHIER;Ubeeqo;Thermique & hybride;oui;https://www.ubeeqo.com/;;2;"{""coordinates"": [2.2966245003259034, 48.88653299969537], ""type"": ""Point""}";48.88653299969537,2.2966245003259034
18-T126;75019;125 RUE DE CRIMEE;Ubeeqo;Thermique & hybride;oui;https://www.ubeeqo.com/;;2;"{""coordinates"": [2.3816385004701033, 48.88631700003526], ""type"": ""Point""}";48.88631700003526,2.3816385004701033
18-T130;75003;3 RUE PAUL DUBOIS;Communauto;Thermique & hybride;oui;https://paris.communauto.com/;;2;"{""coordinates"": [2.3610465003512586, 48.865257000358206], ""type"": ""Point""}";48.865257000358206,2.3610465003512586
E-025;75008;31 AVENUE HOCHE;Ubeeqo (avec bornes);Electrique & hybride rechargeable;oui;https://www.ubeeqo.com/;;4;"{""coordinates"": [2.3009850001986067, 48.8760569999337], ""type"": ""Point""}";48.8760569999337,2.3009850001986067
E-075;75014;7 RUE NICOLAS TAUNAY;Ubeeqo (avec bornes);Electrique & hybride rechargeable;oui;https://www.ubeeqo.com/;;5;"{""coordinates"": [2.319516000222057, 48.82379400020097], ""type"": ""Point""}";48.82379400020097,2.319516000222057
E-072;75014;101 AVENUE DU GENERAL LECLERC;Ubeeqo (avec bornes);Electrique & hybride rechargeable;oui;https://www.ubeeqo.com/;;6;"{""coordinates"": [2.3265584994130117, 48.82577399990865], ""type"": ""Point""}";48.82577399990865,2.3265584994130117
E-114;75018;35 RUE VAUVENARGUES;Ubeeqo (avec bornes);Electrique & hybride rechargeable;oui;https://www.ubeeqo.com/;;6;"{""coordinates"": [2.332192499340661, 48.89444399978496], ""type"": ""Point""}";48.89444399978496,2.332192499340661
E-110;75017;1 RUE DE CHAZELLES;Ubeeqo (avec bornes);Electrique & hybride rechargeable;oui;https://www.ubeeqo.com/;;4;"{""coordinates"": [2.3033835000920218, 48.87951299973887], ""type"": ""Point""}";48.87951299973887,2.3033835000920218
U-005;75003;51 RUE DE BRETAGNE;Clem-e;Electrique & hybride rechargeable;oui;https://www.clem-e.com/;;5;"{""coordinates"": [2.3611094993798227, 48.86353799956474], ""type"": ""Point""}";48.86353799956474,2.3611094993798227
U-015;75008;9 PLACE SAINT AUGUSTIN;Clem-e;Electrique & hybride rechargeable;oui;https://www.clem-e.com/;;5;"{""coordinates"": [2.318814000056887, 48.875462999797186], ""type"": ""Point""}";48.875462999797186,2.318814000056887
U-028;75013;24 RUE CAILLAUX;Clem-e;Electrique & hybride rechargeable;oui;https://www.clem-e.com/;;6;"{""coordinates"": [2.3590440001273483, 48.82233600001861], ""type"": ""Point""}";48.82233600001861,2.3590440001273483
U-030;75013;15 BIS RUE DE TOLBIAC;Clem-e;Electrique & hybride rechargeable;oui;https://www.clem-e.com/;;4;"{""coordinates"": [2.3748345003339635, 48.829392000163665], ""type"": ""Point""}";48.829392000163665,2.3748345003339635
U-034;75015;19 RUE EMILE DUCLAUX;Clem-e;Electrique & hybride rechargeable;oui;https://www.clem-e.com/;;6;"{""coordinates"": [2.3091435000369307, 48.84204599984753], ""type"": ""Point""}";48.84204599984753,2.3091435000369307
15-T068;75014;175 RUE VERCINGETORIX;Getaround;Thermique & hybride;oui;https://fr.getaround.com/;;2;"{""coordinates"": [2.310079500669158, 48.83173200017883], ""type"": ""Point""}";48.83173200017883,2.310079500669158
15-T072;75015;98 RUE BALARD;Communauto;Thermique & hybride;oui;https://paris.communauto.com/;;2;"{""coordinates"": [2.2783769993824676, 48.83765400025039], ""type"": ""Point""}";48.83765400025039,2.2783769993824676
15-T080;75016;85 BOULEVARD FLANDRIN;Ubeeqo;Thermique & hybride;oui;https://www.ubeeqo.com/;;2;"{""coordinates"": [2.2755104999384534, 48.870531000191946], ""type"": ""Point""}";48.870531000191946,2.2755104999384534
15-T099;75020;2 RUE DE LA BIDASSOA;Communauto;Thermique & hybride;oui;https://paris.communauto.com/;;2;"{""coordinates"": [2.3954174997565665, 48.8651759996852], ""type"": ""Point""}";48.8651759996852,2.3954174997565665
18-T012;75005;10 RUE D ARBALETE;Ubeeqo;Thermique & hybride;oui;https://www.ubeeqo.com/;;2;"{""coordinates"": [2.348703000330918, 48.84039000020711], ""type"": ""Point""}";48.84039000020711,2.348703000330918
18-T046;75013;91 RUE JEANNE D ARC;Communauto;Thermique & hybride;oui;https://paris.communauto.com/;;2;"{""coordinates"": [2.364097500152691, 48.83281199997888], ""type"": ""Point""}";48.83281199997888,2.364097500152691
18-T066;75015;243 RUE DE LA CROIX NIVERT;Getaround;Thermique & hybride;oui;https://fr.getaround.com/;;2;"{""coordinates"": [2.2900949993486894, 48.83418000040735], ""type"": ""Point""}";48.83418000040735,2.2900949993486894
18-T086;75016;20 RUE JEAN DE LA FONTAINE;Ubeeqo;Thermique & hybride;oui;https://www.ubeeqo.com/;;2;"{""coordinates"": [2.274263999413767, 48.852143999792595], ""type"": ""Point""}";48.852143999792595,2.274263999413767
18-T112;75018;6 PLACE CONSTANTIN PECQUEUR;Ubeeqo;Thermique & hybride;oui;https://www.ubeeqo.com/;;2;"{""coordinates"": [2.338433999434617, 48.88930500026563], ""type"": ""Point""}";48.88930500026563,2.338433999434617
18-T116;75018;26 RUE HERMEL;Getaround;Thermique & hybride;oui;https://fr.getaround.com/;;2;"{""coordinates"": [2.344936500391056, 48.89210399959322], ""type"": ""Point""}";48.89210399959322,2.344936500391056
18-T133;75020;142 RUE DE MENILMONTANT;Communauto;Thermique & hybride;oui;https://paris.communauto.com/;;2;"{""coordinates"": [2.397028500307502, 48.87012599991489], ""type"": ""Point""}";48.87012599991489,2.397028500307502
E-022;75007;42 RUE DU BAC;Ubeeqo (avec bornes);Electrique & hybride rechargeable;oui;https://www.ubeeqo.com/;;6;"{""coordinates"": [2.326945499587513, 48.85678799967473], ""type"": ""Point""}";48.85678799967473,2.326945499587513
E-049;75012;50 BOULEVARD DE LA BASTILLE;Ubeeqo (avec bornes);Electrique & hybride rechargeable;oui;https://www.ubeeqo.com/;;5;"{""coordinates"": [2.3694435003948633, 48.85157700032797], ""type"": ""Point""}";48.85157700032797,2.3694435003948633
E-056;75012;48 AVENUE DE SAINT MANDE;Ubeeqo (avec bornes);Electrique & hybride rechargeable;oui;https://www.ubeeqo.com/;;4;"{""coordinates"": [2.4016365005276232, 48.844835999826415], ""type"": ""Point""}";48.844835999826415,2.4016365005276232
E-063;75013;50 BOULEVARD AUGUSTE BLANQUI;Ubeeqo (avec bornes);Electrique & hybride rechargeable;oui;https://www.ubeeqo.com/;;4;"{""coordinates"": [2.3497784998786146, 48.829932000309654], ""type"": ""Point""}";48.829932000309654,2.3497784998786146
E-068;75013;5 RUE FRANCOISE DOLTO;Ubeeqo (avec bornes);Electrique & hybride rechargeable;oui;https://www.ubeeqo.com/;;5;"{""coordinates"": [2.3825790003240876, 48.82922099966125], ""type"": ""Point""}";48.82922099966125,2.3825790003240876
E-074;75014;29 AVENUE DE LA SIBELLE;Ubeeqo (avec bornes);Electrique & hybride rechargeable;oui;https://www.ubeeqo.com/;;5;"{""coordinates"": [2.338384499434996, 48.8249459997359], ""type"": ""Point""}";48.8249459997359,2.338384499434996
E-109;75017;25 RUE DE GALVANI;Ubeeqo (avec bornes);Electrique & hybride rechargeable;oui;https://www.ubeeqo.com/;;5;"{""coordinates"": [2.289779999354593, 48.88400400034516], ""type"": ""Point""}";48.88400400034516,2.289779999354593
E-113;75017;108 RUE JOUFFROY D ABBANS;Ubeeqo (avec bornes);Electrique & hybride rechargeable;oui;https://www.ubeeqo.com/;;6;"{""coordinates"": [2.3019300006571806, 48.882375000434706], ""type"": ""Point""}";48.882375000434706,2.3019300006571806
E-116;75018;45 RUE CUSTINE;Ubeeqo (avec bornes);Electrique & hybride rechargeable;oui;https://www.ubeeqo.com/;;5;"{""coordinates"": [2.3443154994746718, 48.889314000121495], ""type"": ""Point""}";48.889314000121495,2.3443154994746718
E-122;75018;47 RUE DE L EVANGILE;Ubeeqo (avec bornes);Electrique & hybride rechargeable;oui;https://www.ubeeqo.com/;;6;"{""coordinates"": [2.3668020002576857, 48.89467799986831], ""type"": ""Point""}";48.89467799986831,2.3668020002576857
U-014;75008;4 RUE DE CONSTANTINOPLE;Clem-e;Electrique & hybride rechargeable;oui;https://www.clem-e.com/;;5;"{""coordinates"": [2.3214014997537267, 48.87973800019306], ""type"": ""Point""}";48.87973800019306,2.3214014997537267
U-012;75007;15 AVENUE EMILE DESCHANEL;Clem-e;Electrique & hybride rechargeable;oui;https://www.clem-e.com/;;6;"{""coordinates"": [2.3022495004291508, 48.855654000167945], ""type"": ""Point""}";48.855654000167945,2.3022495004291508
U-018;75009;6 RUE DE LONDRES;Clem-e;Electrique & hybride rechargeable;oui;https://www.clem-e.com/;;4;"{""coordinates"": [2.330198999343372, 48.87687600005591], ""type"": ""Point""}";48.87687600005591,2.330198999343372
U-021;75010;3 AVENUE CLAUDE VELLEFAUX;Clem-e;Electrique & hybride rechargeable;oui;https://www.clem-e.com/;;6;"{""coordinates"": [2.3701590003404496, 48.87433799955462], ""type"": ""Point""}";48.87433799955462,2.3701590003404496
U-032;75014;11 RUE RENE COTY;Clem-e;Electrique & hybride rechargeable;oui;https://www.clem-e.com/;;6;"{""coordinates"": [2.3339339998648136, 48.83088600008511], ""type"": ""Point""}";48.83088600008511,2.3339339998648136
U-041;75017;97 BOULEVARD BERTHIER;Clem-e;Electrique & hybride rechargeable;oui;https://www.clem-e.com/;;6;"{""coordinates"": [2.294212500146309, 48.885669000406935], ""type"": ""Point""}";48.885669000406935,2.294212500146309
15-T029;75009;9 RUE DE LA CHAUSSEE D ANTIN;Ubeeqo;Thermique & hybride;oui;https://www.ubeeqo.com/;;2;"{""coordinates"": [2.333457000093222, 48.87234000038419], ""type"": ""Point""}";48.87234000038419,2.333457000093222
15-T055;75012;172 BOULEVARD DIDEROT;Getaround;Thermique & hybride;oui;https://fr.getaround.com/;;2;"{""coordinates"": [2.3940000003843234, 48.84801300040585], ""type"": ""Point""}";48.84801300040585,2.3940000003843234
15-T079;75016;27 AVENUE GEORGES MANDEL;Ubeeqo;Thermique & hybride;oui;https://www.ubeeqo.com/;;2;"{""coordinates"": [2.28361950058247, 48.8631600001244], ""type"": ""Point""}";48.8631600001244,2.28361950058247
15-T098;75020;37 RUE JULIEN LACROIX;Communauto;Thermique & hybride;oui;https://paris.communauto.com/;;2;"{""coordinates"": [2.38501350019159, 48.8697209996699], ""type"": ""Point""}";48.8697209996699,2.38501350019159
15-T106;75020;2 RUE DU JOURDAIN;Ubeeqo;Thermique & hybride;oui;https://www.ubeeqo.com/;;2;"{""coordinates"": [2.3896665001248754, 48.87401399997565], ""type"": ""Point""}";48.87401399997565,2.3896665001248754
18-T090;75016;73 BIS BOULEVARD EXELMANS;Ubeeqo;Thermique & hybride;oui;https://www.ubeeqo.com/;;2;"{""coordinates"": [2.2598370005278756, 48.84300900013608], ""type"": ""Point""}";48.84300900013608,2.2598370005278756
18-T132;75019;21 AVENUE CORENTIN CARIOU;Communauto;Thermique & hybride;oui;https://paris.communauto.com/;;2;"{""coordinates"": [2.384239500419609, 48.89675700019834], ""type"": ""Point""}";48.89675700019834,2.384239500419609
18-T137;75020;81 RUE ALEXANDRE DUMAS;Communauto;Thermique & hybride;oui;https://paris.communauto.com/;;2;"{""coordinates"": [2.39833350006268, 48.85505999987658], ""type"": ""Point""}";48.85505999987658,2.39833350006268
E-001;75001;3 RUE DES HALLES;Ubeeqo (avec bornes);Electrique & hybride rechargeable;oui;https://www.ubeeqo.com/;;4;"{""coordinates"": [2.347096499551334, 48.85914600002316], ""type"": ""Point""}";48.85914600002316,2.347096499551334
E-015;75006;58 RUE SAINT PLACIDE;Ubeeqo (avec bornes);Electrique & hybride rechargeable;oui;https://www.ubeeqo.com/;;5;"{""coordinates"": [2.32628849958206, 48.84738299965579], ""type"": ""Point""}";48.84738299965579,2.32628849958206
E-050;75012;4 RUE CHARLES BOSSUT;Ubeeqo (avec bornes);Electrique & hybride rechargeable;oui;https://www.ubeeqo.com/;;5;"{""coordinates"": [2.3836365001822886, 48.843035999692695], ""type"": ""Point""}";48.843035999692695,2.3836365001822886
E-061;75013;42 RUE CHARLES MOUREU;Ubeeqo (avec bornes);Electrique & hybride rechargeable;oui;https://www.ubeeqo.com/;;6;"{""coordinates"": [2.361239999747278, 48.82867199990739], ""type"": ""Point""}";48.82867199990739,2.361239999747278
E-069;75014;8 PLACE DU 25 AOUT 1944;Ubeeqo (avec bornes);Electrique & hybride rechargeable;oui;https://www.ubeeqo.com/;;4;"{""coordinates"": [2.3248350005814165, 48.822426000189466], ""type"": ""Point""}";48.822426000189466,2.3248350005814165
E-140;75020;2 RUE MAURICE BERTHEAUX;Ubeeqo (avec bornes);Electrique & hybride rechargeable;oui;https://www.ubeeqo.com/;;5;"{""coordinates"": [2.40961050049311, 48.867830999712695], ""type"": ""Point""}";48.867830999712695,2.40961050049311
U-043;75018;40 RUE DU POTEAU;Clem-e;Electrique & hybride rechargeable;oui;https://www.clem-e.com/;;5;"{""coordinates"": [2.341273499969862, 48.89452499984203], ""type"": ""Point""}";48.89452499984203,2.341273499969862
15-T034;75010;10 RUE GUY PATIN;Getaround;Thermique & hybride;oui;https://fr.getaround.com/;;2;"{""coordinates"": [2.3513534999352124, 48.88342799976053], ""type"": ""Point""}";48.88342799976053,2.3513534999352124
15-T045;75011;16 RUE BREGUET;Getaround;Thermique & hybride;oui;https://fr.getaround.com/;;2;"{""coordinates"": [2.3727105004016518, 48.85705799982642], ""type"": ""Point""}";48.85705799982642,2.3727105004016518
15-T081;75016;2 AVENUE MOZART;Ubeeqo;Thermique & hybride;oui;https://www.ubeeqo.com/;;2;"{""coordinates"": [2.2738139998250264, 48.85792199983744], ""type"": ""Point""}";48.85792199983744,2.2738139998250264
15-T104;75020;9 AVENUE GAMBETTA;Ubeeqo;Thermique & hybride;oui;https://www.ubeeqo.com/;;2;"{""coordinates"": [2.3895720001298786, 48.86352000033274], ""type"": ""Point""}";48.86352000033274,2.3895720001298786
15-T105;75020;24 BIS RUE DE LA PLAINE;Ubeeqo;Thermique & hybride;oui;https://www.ubeeqo.com/;;2;"{""coordinates"": [2.401470000568739, 48.849911999810416], ""type"": ""Point""}";48.849911999810416,2.401470000568739
18-T002;75003;62 RUE DE TURENNE;Ubeeqo;Thermique & hybride;oui;https://www.ubeeqo.com/;;2;"{""coordinates"": [2.364641999567345, 48.85928999977359], ""type"": ""Point""}";48.85928999977359,2.364641999567345
18-T045;75013;4 RUE NEUVE TOLBIAC;Communauto;Thermique & hybride;oui;https://paris.communauto.com/;;2;"{""coordinates"": [2.3792444996228834, 48.83216400017515], ""type"": ""Point""}";48.83216400017515,2.3792444996228834
18-T064;75015;101 RUE BALARD;Communauto;Thermique & hybride;oui;https://paris.communauto.com/;;2;"{""coordinates"": [2.2787595004393473, 48.83723999963234], ""type"": ""Point""}";48.83723999963234,2.2787595004393473
18-T065;75015;73 RUE DE LA CONVENTION;Getaround;Thermique & hybride;oui;https://fr.getaround.com/;;2;"{""coordinates"": [2.2846590002990457, 48.842694000371814], ""type"": ""Point""}";48.842694000371814,2.2846590002990457
18-T075;75004;21 QUAI AUX FLEURS;Communauto;Thermique & hybride;oui;https://paris.communauto.com/;;2;"{""coordinates"": [2.3507820000991804, 48.85471799955533], ""type"": ""Point""}";48.85471799955533,2.3507820000991804
18-T094;75017;31 RUE DES BATIGNOLLES;Communauto;Thermique & hybride;oui;https://paris.communauto.com/;;2;"{""coordinates"": [2.320861500629825, 48.884868000443035], ""type"": ""Point""}";48.884868000443035,2.320861500629825
E-002;75002;26 RUE DU QUATRE SEPTEMBRE;Ubeeqo (avec bornes);Electrique & hybride rechargeable;oui;https://www.ubeeqo.com/;;5;"{""coordinates"": [2.3345009994220423, 48.8700720001093], ""type"": ""Point""}";48.8700720001093,2.3345009994220423
E-010;75005;23 RUE DES BERNARDINS;Ubeeqo (avec bornes);Electrique & hybride rechargeable;oui;https://www.ubeeqo.com/;;6;"{""coordinates"": [2.3501699997843972, 48.849210000066044], ""type"": ""Point""}";48.849210000066044,2.3501699997843972
E-013;75005;221 RUE SAINT JACQUES;Ubeeqo (avec bornes);Electrique & hybride rechargeable;oui;https://www.ubeeqo.com/;;4;"{""coordinates"": [2.341952999663058, 48.84389099958596], ""type"": ""Point""}";48.84389099958596,2.341952999663058
E-027;75009;4 RUE TURGOT;Ubeeqo (avec bornes);Electrique & hybride rechargeable;oui;https://www.ubeeqo.com/;;5;"{""coordinates"": [2.3455529998452125, 48.88007100039036], ""type"": ""Point""}";48.88007100039036,2.3455529998452125
E-059;75013;3 RUE PAULIN ENFERT;Ubeeqo (avec bornes);Electrique & hybride rechargeable;oui;https://www.ubeeqo.com/;;6;"{""coordinates"": [2.3624685000168237, 48.81883499981219], ""type"": ""Point""}";48.81883499981219,2.3624685000168237
E-073;75014;229 RUE RAYMOND LOSSERAND;Ubeeqo (avec bornes);Electrique & hybride rechargeable;oui;https://www.ubeeqo.com/;;6;"{""coordinates"": [2.3060430001111927, 48.82790699979526], ""type"": ""Point""}";48.82790699979526,2.3060430001111927
E-088;75015;2 AVENUE DE SUFFREN;Ubeeqo (avec bornes);Electrique & hybride rechargeable;oui;https://www.ubeeqo.com/;;4;"{""coordinates"": [2.29135949946542, 48.85710300022966], ""type"": ""Point""}";48.85710300022966,2.29135949946542
E-102;75017;271 BOULEVARD PEREIRE;Ubeeqo (avec bornes);Electrique & hybride rechargeable;oui;https://www.ubeeqo.com/;;6;"{""coordinates"": [2.2851270002643216, 48.87807299961918], ""type"": ""Point""}";48.87807299961918,2.2851270002643216
E-124;75018;5 RUE HENRI BRISSON;Ubeeqo (avec bornes);Electrique & hybride rechargeable;oui;https://www.ubeeqo.com/;;5;"{""coordinates"": [2.3348205006279006, 48.89825099996024], ""type"": ""Point""}";48.89825099996024,2.3348205006279006
E-137;75020;122 RUE MENILMONTANT;Ubeeqo (avec bornes);Electrique & hybride rechargeable;oui;https://www.ubeeqo.com/;;6;"{""coordinates"": [2.395264499610287, 48.869937000419895], ""type"": ""Point""}";48.869937000419895,2.395264499610287
U-031;75014;59 AVENUE REILLE;Clem-e;Electrique & hybride rechargeable;oui;https://www.clem-e.com/;;6;"{""coordinates"": [2.3322780005746435, 48.82368599957128], ""type"": ""Point""}";48.82368599957128,2.3322780005746435
U-038;75016;89 AVENUE KLEBER;Clem-e;Electrique & hybride rechargeable;oui;https://www.clem-e.com/;;6;"{""coordinates"": [2.2882860004435956, 48.86407800022471], ""type"": ""Point""}";48.86407800022471,2.2882860004435956
U-047;75019;6 AVENUE MATHURIN MOREAU;Clem-e;Electrique & hybride rechargeable;oui;https://www.clem-e.com/;;5;"{""coordinates"": [2.3714010004339876, 48.87799199987764], ""type"": ""Point""}";48.87799199987764,2.3714010004339876
U-048;75019;1 RUE DE LA MEURTHE;Clem-e;Electrique & hybride rechargeable;oui;https://www.clem-e.com/;;6;"{""coordinates"": [2.3833484995162926, 48.88932299969495], ""type"": ""Point""}";48.88932299969495,2.3833484995162926
V-001;75002;2 RUE DE PONCEAU;Clem-e;Electrique & hybride rechargeable;oui;https://www.clem-e.com/;;2;"{""coordinates"": [2.3520554997161174, 48.866814000213], ""type"": ""Point""}";48.866814000213,2.3520554997161174
15-T031;75009;54 RUE LAFAYETTE;Getaround;Thermique & hybride;oui;https://fr.getaround.com/;;2;"{""coordinates"": [2.3418765005102853, 48.87523799984263], ""type"": ""Point""}";48.87523799984263,2.3418765005102853
15-T053;75012;1 RUE DU CHAROLAIS;Getaround;Thermique & hybride;oui;https://fr.getaround.com/;;2;"{""coordinates"": [2.387614500263687, 48.839337000274995], ""type"": ""Point""}";48.839337000274995,2.387614500263687
15-T050;75012;26 RUE DU FAUBOURG SAINT ANTOINE;Ubeeqo;Thermique & hybride;oui;https://www.ubeeqo.com/;;2;"{""coordinates"": [2.3713739995694105, 48.852530999884756], ""type"": ""Point""}";48.852530999884756,2.3713739995694105
15-T061;75013;59 RUE DE TOLBIAC;Ubeeqo;Thermique & hybride;oui;https://www.ubeeqo.com/;;2;"{""coordinates"": [2.369772000037245, 48.82735800031738], ""type"": ""Point""}";48.82735800031738,2.369772000037245
15-T070;75015;18 RUE EMILE DUCLAUX;Communauto;Thermique & hybride;oui;https://paris.communauto.com/;;2;"{""coordinates"": [2.308788000462252, 48.842198999847426], ""type"": ""Point""}";48.842198999847426,2.308788000462252
18-T006;75003;75 BOULEVARD BEAUMARCHAIS;Ubeeqo;Thermique & hybride;oui;https://www.ubeeqo.com/;;2;"{""coordinates"": [2.3676299995863275, 48.85831800001808], ""type"": ""Point""}";48.85831800001808,2.3676299995863275
18-T015;75008;88 RUE DE MIROMESNIL;Ubeeqo;Thermique & hybride;oui;https://www.ubeeqo.com/;;2;"{""coordinates"": [2.3156099997372928, 48.87887400022503], ""type"": ""Point""}";48.87887400022503,2.3156099997372928
18-T021;75010;1 RUE DE METZ;Getaround;Thermique & hybride;oui;https://fr.getaround.com/;;2;"{""coordinates"": [2.354417999526112, 48.87063899995599], ""type"": ""Point""}";48.87063899995599,2.354417999526112
18-T033;75012;1 RUE ANTOINE JULIEN HENARD;Getaround;Thermique & hybride;oui;https://fr.getaround.com/;;2;"{""coordinates"": [2.388964500540855, 48.841299000388304], ""type"": ""Point""}";48.841299000388304,2.388964500540855
18-T067;75015;32 RUE DE DANTZIG;Ubeeqo;Thermique & hybride;oui;https://www.ubeeqo.com/;;2;"{""coordinates"": [2.2987260005915577, 48.83364900038858], ""type"": ""Point""}";48.83364900038858,2.2987260005915577
18-T083;75016;28 RUE DU RANELAGH;Ubeeqo;Thermique & hybride;oui;https://www.ubeeqo.com/;;2;"{""coordinates"": [2.2772205005636508, 48.85383599969003], ""type"": ""Point""}";48.85383599969003,2.2772205005636508
18-T096;75017;76 AVENUE DE VILLIERS;Ubeeqo;Thermique & hybride;oui;https://www.ubeeqo.com/;;2;"{""coordinates"": [2.3039190000015095, 48.88414799992091], ""type"": ""Point""}";48.88414799992091,2.3039190000015095
18-T052;75014;28 RUE DIDOT;Getaround;Thermique & hybride;oui;https://fr.getaround.com/;;2;"{""coordinates"": [2.3202495006382953, 48.83214600041939], ""type"": ""Point""}";48.83214600041939,2.3202495006382953
18-T123;75019;13 RUE RIQUET;Communauto;Thermique & hybride;oui;https://paris.communauto.com/;;2;"{""coordinates"": [2.375163000192802, 48.88823400009831], ""type"": ""Point""}";48.88823400009831,2.375163000192802
18-T139;75020;81 RUE DES PYRENEES;Communauto;Thermique & hybride;oui;https://paris.communauto.com/;;2;"{""coordinates"": [2.4056325006468295, 48.85378199982303], ""type"": ""Point""}";48.85378199982303,2.4056325006468295
E-031;75009;35 RUE DU FAUBOURG MONTMARTRE;Ubeeqo (avec bornes);Electrique & hybride rechargeable;oui;https://www.ubeeqo.com/;;4;"{""coordinates"": [2.3423265002383644, 48.87395999991279], ""type"": ""Point""}";48.87395999991279,2.3423265002383644
E-051;75012;33 RUE DE CROZATIER;Ubeeqo (avec bornes);Electrique & hybride rechargeable;oui;https://www.ubeeqo.com/;;6;"{""coordinates"": [2.3812155000089184, 48.847185000102925], ""type"": ""Point""}";48.847185000102925,2.3812155000089184
E-052;75012;20 RUE VILLOT;Ubeeqo (avec bornes);Electrique & hybride rechargeable;oui;https://www.ubeeqo.com/;;5;"{""coordinates"": [2.3756129995217155, 48.84156900014818], ""type"": ""Point""}";48.84156900014818,2.3756129995217155
E-066;75013;45 RUE JEANNE D ARC;Ubeeqo (avec bornes);Electrique & hybride rechargeable;oui;https://www.ubeeqo.com/;;4;"{""coordinates"": [2.3672025006017257, 48.830499000177824], ""type"": ""Point""}";48.830499000177824,2.3672025006017257
E-083;75015;22 RUE MADEMOISELLE;Ubeeqo (avec bornes);Electrique & hybride rechargeable;oui;https://www.ubeeqo.com/;;7;"{""coordinates"": [2.2960890005603116, 48.84353100002038], ""type"": ""Point""}";48.84353100002038,2.2960890005603116
E-112;75017;22 BIS RUE LEGENDRE;Ubeeqo (avec bornes);Electrique & hybride rechargeable;oui;https://www.ubeeqo.com/;;4;"{""coordinates"": [2.3123204994703457, 48.88271699978982], ""type"": ""Point""}";48.88271699978982,2.3123204994703457
E-118;75018;71 RUE CAULINCOURT;Ubeeqo (avec bornes);Electrique & hybride rechargeable;oui;https://www.ubeeqo.com/;;6;"{""coordinates"": [2.3365889997192317, 48.889638000355866], ""type"": ""Point""}";48.889638000355866,2.3365889997192317
E-128;75019;38 RUE D AUBERVILLIERS;Ubeeqo (avec bornes);Electrique & hybride rechargeable;oui;https://www.ubeeqo.com/;;5;"{""coordinates"": [2.3665095000085508, 48.88616399962377], ""type"": ""Point""}";48.88616399962377,2.3665095000085508
E-141;75020;22 BOULEVARD DE BELLEVILLE;Ubeeqo (avec bornes);Electrique & hybride rechargeable;oui;https://www.ubeeqo.com/;;4;"{""coordinates"": [2.3826150005476183, 48.86801099973728], ""type"": ""Point""}";48.86801099973728,2.3826150005476183
U-009;75005;14 RUE CENSIER;Clem-e;Electrique & hybride rechargeable;oui;https://www.clem-e.com/;;6;"{""coordinates"": [2.3544270004871812, 48.84088499997531], ""type"": ""Point""}";48.84088499997531,2.3544270004871812
U-050;75020;236 RUE DES PYRENEES;Clem-e;Electrique & hybride rechargeable;oui;https://www.clem-e.com/;;6;"{""coordinates"": [2.3966190001017864, 48.86748899958847], ""type"": ""Point""}";48.86748899958847,2.3966190001017864
15-T019;75007;38 RUE DU BAC;Ubeeqo;Thermique & hybride;oui;https://www.ubeeqo.com/;;2;"{""coordinates"": [2.327328000032709, 48.85701300033867], ""type"": ""Point""}";48.85701300033867,2.327328000032709
15-T037;75010;32 RUE DE PARADIS;Ubeeqo;Thermique & hybride;oui;https://www.ubeeqo.com/;;2;"{""coordinates"": [2.3517224995329604, 48.8752560001415], ""type"": ""Point""}";48.8752560001415,2.3517224995329604
15-T039;75011;3 RUE SAINT AMBROISE;Ubeeqo;Thermique & hybride;oui;https://www.ubeeqo.com/;;2;"{""coordinates"": [2.375401500300568, 48.8613419999676], ""type"": ""Point""}";48.8613419999676,2.375401500300568
15-T064;75014;57 AVENUE REILLE;Ubeeqo;Thermique & hybride;oui;https://www.ubeeqo.com/;;2;"{""coordinates"": [2.3326064996111615, 48.8237219999124], ""type"": ""Point""}";48.8237219999124,2.3326064996111615
15-T089;75018;51 RUE PAJOL;Communauto;Thermique & hybride;oui;https://paris.communauto.com/;;2;"{""coordinates"": [2.3625764993747076, 48.88929599986841], ""type"": ""Point""}";48.88929599986841,2.3625764993747076
15-T093;75019;60 RUE DAVID D ANGERS;Ubeeqo;Thermique & hybride;oui;https://www.ubeeqo.com/;;2;"{""coordinates"": [2.394202499677351, 48.88167299985598], ""type"": ""Point""}";48.88167299985598,2.394202499677351
18-T055;75014;36 RUE ANTOINE CHANTIN;Ubeeqo;Thermique & hybride;oui;https://www.ubeeqo.com/;;2;"{""coordinates"": [2.3213789997345002, 48.82755600039386], ""type"": ""Point""}";48.82755600039386,2.3213789997345002
18-T079;75016;54 AVENUE RAYMOND POINCARE;Communauto;Thermique & hybride;oui;https://paris.communauto.com/;;2;"{""coordinates"": [2.286179999765965, 48.86705700008093], ""type"": ""Point""}";48.86705700008093,2.286179999765965
18-T124;75019;87 RUE DE CRIMEE;Ubeeqo;Thermique & hybride;oui;https://www.ubeeqo.com/;;2;"{""coordinates"": [2.3848919998848057, 48.88347299975309], ""type"": ""Point""}";48.88347299975309,2.3848919998848057
18-T128;75019;28 BIS RUE DE THIONVILLE;Communauto;Thermique & hybride;oui;https://paris.communauto.com/;;2;"{""coordinates"": [2.3843204994026372, 48.88958399959066], ""type"": ""Point""}";48.88958399959066,2.3843204994026372
E-008;75004;41 BOULEVARD BOURDON;Ubeeqo (avec bornes);Electrique & hybride rechargeable;oui;https://www.ubeeqo.com/;;4;"{""coordinates"": [2.367796500191342, 48.85249500034892], ""type"": ""Point""}";48.85249500034892,2.367796500191342
E-014;75006;18 RUE MADAME;Ubeeqo (avec bornes);Electrique & hybride rechargeable;oui;https://www.ubeeqo.com/;;4;"{""coordinates"": [2.3317604997791888, 48.85091100007405], ""type"": ""Point""}";48.85091100007405,2.3317604997791888
E-033;75010;67 RUE LOUIS BLANC;Ubeeqo (avec bornes);Electrique & hybride rechargeable;oui;https://www.ubeeqo.com/;;6;"{""coordinates"": [2.3600880002972477, 48.88371599992754], ""type"": ""Point""}";48.88371599992754,2.3600880002972477
E-115;75018;70 BOULEVARD DE CLICHY;Ubeeqo (avec bornes);Electrique & hybride rechargeable;oui;https://www.ubeeqo.com/;;5;"{""coordinates"": [2.3339115001158692, 48.88362600024784], ""type"": ""Point""}";48.88362600024784,2.3339115001158692
E-135;75019;1 RUE DES BOIS;Ubeeqo (avec bornes);Electrique & hybride rechargeable;oui;https://www.ubeeqo.com/;;4;"{""coordinates"": [2.3968934995347246, 48.87812700020196], ""type"": ""Point""}";48.87812700020196,2.3968934995347246
U-017;75009;23 BOULEVARD DE CLICHY;Clem-e;Electrique & hybride rechargeable;oui;https://www.clem-e.com/;;5;"{""coordinates"": [2.3363730004632965, 48.882446999688], ""type"": ""Point""}";48.882446999688,2.3363730004632965
U-022;75011;8 BOULEVARD RICHARD LENOIR;Clem-e;Electrique & hybride rechargeable;oui;https://www.clem-e.com/;;5;"{""coordinates"": [2.3701680004628973, 48.85447499974384], ""type"": ""Point""}";48.85447499974384,2.3701680004628973
15-T028;75009;21 RUE DE CHATEAUDUN;Ubeeqo;Thermique & hybride;oui;https://www.ubeeqo.com/;;2;"{""coordinates"": [2.338470000024675, 48.87588599968053], ""type"": ""Point""}";48.87588599968053,2.338470000024675
15-T049;75012;114 RUE DE REUILLY;Communauto;Thermique & hybride;oui;https://paris.communauto.com/;;2;"{""coordinates"": [2.3944590002514854, 48.84036300008014], ""type"": ""Point""}";48.84036300008014,2.3944590002514854
15-T065;75014;72 BOULEVARD EDGAR QUINET;Getaround;Thermique & hybride;oui;https://fr.getaround.com/;;2;"{""coordinates"": [2.3233590002554587, 48.84189299974893], ""type"": ""Point""}";48.84189299974893,2.3233590002554587
15-T074;75015;133 BOULEVARD DE GRENELLE;Ubeeqo;Thermique & hybride;oui;https://www.ubeeqo.com/;;2;"{""coordinates"": [2.3005755001577284, 48.848462999591504], ""type"": ""Point""}";48.848462999591504,2.3005755001577284
15-T091;75018;142 RUE MARCADET;Getaround;Thermique & hybride;oui;https://fr.getaround.com/;;2;"{""coordinates"": [2.3389065006721506, 48.891338999696934], ""type"": ""Point""}";48.891338999696934,2.3389065006721506
15-T101;75020;136 RUE DE BAGNOLET;Communauto;Thermique & hybride;oui;https://paris.communauto.com/;;2;"{""coordinates"": [2.405429999695757, 48.86118900036366], ""type"": ""Point""}";48.86118900036366,2.405429999695757
15-T107;75020;135 RUE DES PYRENEES;Ubeeqo;Thermique & hybride;oui;https://www.ubeeqo.com/;;2;"{""coordinates"": [2.403351000353229, 48.857966999906346], ""type"": ""Point""}";48.857966999906346,2.403351000353229
18-T026;75011;174 RUE DE LA ROQUETTE;Getaround;Thermique & hybride;oui;https://fr.getaround.com/;;2;"{""coordinates"": [2.3864310005968026, 48.85914600035996], ""type"": ""Point""}";48.85914600035996,2.3864310005968026
18-T040;75013;119 RUE DE LA GLACIERE;Ubeeqo;Thermique & hybride;oui;https://www.ubeeqo.com/;;2;"{""coordinates"": [2.342223000007512, 48.827078999601305], ""type"": ""Point""}";48.827078999601305,2.342223000007512
18-T051;75004;27 RUE DES ARCHIVES;Getaround;Thermique & hybride;oui;https://fr.getaround.com/;;2;"{""coordinates"": [2.355759000665619, 48.859127999563874], ""type"": ""Point""}";48.859127999563874,2.355759000665619
18-T068;75015;53 RUE DE DANTZIG;Communauto;Thermique & hybride;oui;https://paris.communauto.com/;;2;"{""coordinates"": [2.2963365002162353, 48.83059800000451], ""type"": ""Point""}";48.83059800000451,2.2963365002162353
18-T071;75015;148 AVENUE EMILE ZOLA;Getaround;Thermique & hybride;oui;https://fr.getaround.com/;;2;"{""coordinates"": [2.2947165002983714, 48.84688800022399], ""type"": ""Point""}";48.84688800022399,2.2947165002983714
18-T105;75017;2 RUE GOUNOD;Getaround;Thermique & hybride;oui;https://fr.getaround.com/;;2;"{""coordinates"": [2.3009895006648486, 48.88273500003321], ""type"": ""Point""}";48.88273500003321,2.3009895006648486
18-T108;75018;43 RUE POTEAU;Ubeeqo;Thermique & hybride;oui;https://www.ubeeqo.com/;;2;"{""coordinates"": [2.3410574993323165, 48.894452999828594], ""type"": ""Point""}";48.894452999828594,2.3410574993323165
18-T109;75018;46 RUE CUSTINE;Getaround;Thermique & hybride;oui;https://fr.getaround.com/;;2;"{""coordinates"": [2.345372999807729, 48.88923300041586], ""type"": ""Point""}";48.88923300041586,2.345372999807729
18-T115;75018;34 RUE MONCALM;Getaround;Thermique & hybride;oui;https://fr.getaround.com/;;2;"{""coordinates"": [2.33810549957827, 48.89320200014099], ""type"": ""Point""}";48.89320200014099,2.33810549957827
E-012;75005;38 RUE LACEPEDE;Ubeeqo (avec bornes);Electrique & hybride rechargeable;oui;https://www.ubeeqo.com/;;4;"{""coordinates"": [2.350791000617761, 48.84419699968165], ""type"": ""Point""}";48.84419699968165,2.350791000617761
E-018;75007;20 RUE COGNAC JAY;Ubeeqo (avec bornes);Electrique & hybride rechargeable;oui;https://www.ubeeqo.com/;;6;"{""coordinates"": [2.302902000617385, 48.86194500021966], ""type"": ""Point""}";48.86194500021966,2.302902000617385
E-044;75011;157 RUE SAINT MAUR;Ubeeqo (avec bornes);Electrique & hybride rechargeable;oui;https://www.ubeeqo.com/;;4;"{""coordinates"": [2.3744474998296403, 48.86871299982415], ""type"": ""Point""}";48.86871299982415,2.3744474998296403
E-120;75018;29 RUE DOUDEAUVILLE;Ubeeqo (avec bornes);Electrique & hybride rechargeable;oui;https://www.ubeeqo.com/;;6;"{""coordinates"": [2.3555880002351537, 48.88858500036979], ""type"": ""Point""}";48.88858500036979,2.3555880002351537
E-139;75020;169 AVENUE GAMBETTA;Ubeeqo (avec bornes);Electrique & hybride rechargeable;oui;https://www.ubeeqo.com/;;4;"{""coordinates"": [2.40351300027331, 48.87090900007966], ""type"": ""Point""}";48.87090900007966,2.40351300027331
U-007;75004;1 RUE DES NONAINS D HYERES;Clem-e;Electrique & hybride rechargeable;oui;https://www.clem-e.com/;;5;"{""coordinates"": [2.3579685005757907, 48.85372800036082], ""type"": ""Point""}";48.85372800036082,2.3579685005757907
U-035;75015;18 RUE BALARD;Clem-e;Electrique & hybride rechargeable;oui;https://www.clem-e.com/;;5;"{""coordinates"": [2.277062999722203, 48.844377000301556], ""type"": ""Point""}";48.844377000301556,2.277062999722203
U-036;75016;13 AVENUE DE LA GRANDE ARMEE;Clem-e;Electrique & hybride rechargeable;oui;https://www.clem-e.com/;;5;"{""coordinates"": [2.2913415006595486, 48.87458999957177], ""type"": ""Point""}";48.87458999957177,2.2913415006595486
15-T032;75009;6 RUE PAUL ESCUDIER;Ubeeqo;Thermique & hybride;oui;https://www.ubeeqo.com/;;2;"{""coordinates"": [2.332349999441256, 48.88044000023118], ""type"": ""Point""}";48.88044000023118,2.332349999441256
15-T057;75013;50 BOULEVARD AUGUSTE BLANQUI;Communauto;Thermique & hybride;oui;https://paris.communauto.com/;;2;"{""coordinates"": [2.3497784998786146, 48.829932000309654], ""type"": ""Point""}";48.829932000309654,2.3497784998786146
15-T060;75013;54 AVENUE D IVRY;Getaround;Thermique & hybride;oui;https://fr.getaround.com/;;2;"{""coordinates"": [2.364840000147653, 48.82393800044758], ""type"": ""Point""}";48.82393800044758,2.364840000147653
15-T078;75016;99 AVENUE MOZART;Ubeeqo;Thermique & hybride;oui;https://www.ubeeqo.com/;;2;"{""coordinates"": [2.2678785005210975, 48.85165799961085], ""type"": ""Point""}";48.85165799961085,2.2678785005210975
15-T086;75017;109 BOULEVARD PEREIRE;Getaround;Thermique & hybride;oui;https://fr.getaround.com/;;2;"{""coordinates"": [2.29954050055622, 48.885804000176456], ""type"": ""Point""}";48.885804000176456,2.29954050055622
18-T004;75003;67 RUE DES ARCHIVES;Ubeeqo;Thermique & hybride;oui;https://www.ubeeqo.com/;;2;"{""coordinates"": [2.359426500269428, 48.86244000037266], ""type"": ""Point""}";48.86244000037266,2.359426500269428
18-T020;75010;27 RUE DES RECOLLETS;Getaround;Thermique & hybride;oui;https://fr.getaround.com/;;2;"{""coordinates"": [2.3601419997971664, 48.87486899959685], ""type"": ""Point""}";48.87486899959685,2.3601419997971664
18-T077;75016;60 AVENUE VICTOR HUGO;Communauto;Thermique & hybride;oui;https://paris.communauto.com/;;2;"{""coordinates"": [2.2868717788814052, 48.870454978879344], ""type"": ""Point""}";48.870454978879344,2.2868717788814052
18-T087;75016;14 RUE DE REMUSAT;Ubeeqo;Thermique & hybride;oui;https://www.ubeeqo.com/;;2;"{""coordinates"": [2.271356999632049, 48.84813899997659], ""type"": ""Point""}";48.84813899997659,2.271356999632049
18-T110;75018;100 RUE DUHESNE;Getaround;Thermique & hybride;oui;https://fr.getaround.com/;;2;"{""coordinates"": [2.3466690002136463, 48.89600999999123], ""type"": ""Point""}";48.89600999999123,2.3466690002136463
18-T121;75019;42 RUE MATHIS;Communauto;Thermique & hybride;oui;https://paris.communauto.com/;;2;"{""coordinates"": [2.3727960004698097, 48.89134799989091], ""type"": ""Point""}";48.89134799989091,2.3727960004698097
18-T127;75019;54 BOULEVARD DE SERURIER;Communauto;Thermique & hybride;oui;https://paris.communauto.com/;;2;"{""coordinates"": [2.398549499810216, 48.88034099960563], ""type"": ""Point""}";48.88034099960563,2.398549499810216
E-006;75003;19 RUE DES FILLES DU CALVAIRE;Ubeeqo (avec bornes);Electrique & hybride rechargeable;oui;https://www.ubeeqo.com/;;6;"{""coordinates"": [2.3660414994605383, 48.86284500034343], ""type"": ""Point""}";48.86284500034343,2.3660414994605383
E-028;75009;35 RUE DE PROVENCE;Ubeeqo (avec bornes);Electrique & hybride rechargeable;oui;https://www.ubeeqo.com/;;4;"{""coordinates"": [2.338245000390154, 48.87410400030024], ""type"": ""Point""}";48.87410400030024,2.338245000390154
E-060;75013;120 BOULEVARD AUGUSTE BLANQUI;Ubeeqo (avec bornes);Electrique & hybride rechargeable;oui;https://www.ubeeqo.com/;;6;"{""coordinates"": [2.342681999618808, 48.83171399998409], ""type"": ""Point""}";48.83171399998409,2.342681999618808
E-067;75013;75 RUE CHEVALERET;Ubeeqo (avec bornes);Electrique & hybride rechargeable;oui;https://www.ubeeqo.com/;;5;"{""coordinates"": [2.376135000443867, 48.82883399959878], ""type"": ""Point""}";48.82883399959878,2.376135000443867
E-071;75014;183 AVENUE DU MAINE;Ubeeqo (avec bornes);Electrique & hybride rechargeable;oui;https://www.ubeeqo.com/;;5;"{""coordinates"": [2.325896999526207, 48.830858999860936], ""type"": ""Point""}";48.830858999860936,2.325896999526207
E-149;75020;89 RUE DES PYRENEES;Ubeeqo (avec bornes);Electrique & hybride rechargeable;oui;https://www.ubeeqo.com/;;6;"{""coordinates"": [2.40544350017094, 48.85440299985587], ""type"": ""Point""}";48.85440299985587,2.40544350017094
U-010;75006;4 RUE MONTFAUCON;Clem-e;Electrique & hybride rechargeable;oui;https://www.clem-e.com/;;4;"{""coordinates"": [2.3357609997806787, 48.852800999597925], ""type"": ""Point""}";48.852800999597925,2.3357609997806787
U-025;75012;172 BOULEVARD DIDEROT;Clem-e;Electrique & hybride rechargeable;oui;https://www.clem-e.com/;;5;"{""coordinates"": [2.3940000003843234, 48.84801300040585], ""type"": ""Point""}";48.84801300040585,2.3940000003843234
U-027;75013;189 RUE DE TOLBIAC;Clem-e;Electrique & hybride rechargeable;oui;https://www.clem-e.com/;;5;"{""coordinates"": [2.351240999486942, 48.82576499975459], ""type"": ""Point""}";48.82576499975459,2.351240999486942
U-045;75019;35 RUE MATHIS;Clem-e;Electrique & hybride rechargeable;oui;https://www.clem-e.com/;;4;"{""coordinates"": [2.3727104995092243, 48.89115900037321], ""type"": ""Point""}";48.89115900037321,2.3727104995092243
U-049;75019;44 AVENUE SECRETAN;Clem-e;Electrique & hybride rechargeable;oui;https://www.clem-e.com/;;5;"{""coordinates"": [2.374470000302562, 48.88058400038455], ""type"": ""Point""}";48.88058400038455,2.374470000302562
V-004;75002;3 RUE D ALEXANDRIE;Clem-e;Electrique & hybride rechargeable;oui;https://www.clem-e.com/;;2;"{""coordinates"": [2.351299500383419, 48.86788499982796], ""type"": ""Point""}";48.86788499982796,2.351299500383419
15-T012;75005;16 RUE CLAUDE BERNARD;Communauto;Thermique & hybride;oui;https://paris.communauto.com/;;2;"{""coordinates"": [2.348190000375809, 48.839553000052994], ""type"": ""Point""}";48.839553000052994,2.348190000375809
15-T035;75010;24 RUE DU TERRAGE;Getaround;Thermique & hybride;oui;https://fr.getaround.com/;;2;"{""coordinates"": [2.3620095001798282, 48.877767000196265], ""type"": ""Point""}";48.877767000196265,2.3620095001798282
15-T044;75011;2 RUE DES BOULETS;Ubeeqo;Thermique & hybride;oui;https://www.ubeeqo.com/;;2;"{""coordinates"": [2.39181749961362, 48.849281999797036], ""type"": ""Point""}";48.849281999797036,2.39181749961362
15-T058;75013;4 RUE NATIONALE;Communauto;Thermique & hybride;oui;https://paris.communauto.com/;;2;"{""coordinates"": [2.369308500225606, 48.82210200018062], ""type"": ""Point""}";48.82210200018062,2.369308500225606
15-T067;75014;12 RUE PIERRE CASTAGNOU;Getaround;Thermique & hybride;oui;https://fr.getaround.com/;;2;"{""coordinates"": [2.325919499956943, 48.83274900035458], ""type"": ""Point""}";48.83274900035458,2.325919499956943
15-T087;75017;267 BOULEVARD PEREIRE;Getaround;Thermique & hybride;oui;https://fr.getaround.com/;;2;"{""coordinates"": [2.285401500044299, 48.87827100043446], ""type"": ""Point""}";48.87827100043446,2.285401500044299
18-T048;75013;19 RUE DU DOCTEUR LERAY;Communauto;Thermique & hybride;oui;https://paris.communauto.com/;;2;"{""coordinates"": [2.3539230001229368, 48.823424999593605], ""type"": ""Point""}";48.823424999593605,2.3539230001229368
18-T069;75007;34 AVENUE DE LA MOTTE PICQUET;Getaround;Thermique & hybride;oui;https://fr.getaround.com/;;2;"{""coordinates"": [2.3066730006229785, 48.85528500022794], ""type"": ""Point""}";48.85528500022794,2.3066730006229785
18-T093;75017;5 RUE GANNERON;Getaround;Thermique & hybride;oui;https://fr.getaround.com/;;2;"{""coordinates"": [2.3267609994548173, 48.886136999918385], ""type"": ""Point""}";48.886136999918385,2.3267609994548173
18-T117;75018;61 RUE ORDENER;Getaround;Thermique & hybride;oui;https://fr.getaround.com/;;2;"{""coordinates"": [2.3509619994732804, 48.89120399990348], ""type"": ""Point""}";48.89120399990348,2.3509619994732804
18-T131;75019;38 AVENUE SECRETAN;Ubeeqo;Thermique & hybride;oui;https://www.ubeeqo.com/;;2;"{""coordinates"": [2.372714999329105, 48.88134900009353], ""type"": ""Point""}";48.88134900009353,2.372714999329105
18-T138;75020;32 RUE DE BAGNOLET;Communauto;Thermique & hybride;oui;https://paris.communauto.com/;;2;"{""coordinates"": [2.397505499622732, 48.85682399964104], ""type"": ""Point""}";48.85682399964104,2.397505499622732
18-T141;75020;269 RUE DE BELLEVILLE;Communauto;Thermique & hybride;oui;https://paris.communauto.com/;;2;"{""coordinates"": [2.399967000171984, 48.87580499981282], ""type"": ""Point""}";48.87580499981282,2.399967000171984
E-026;75008;113 BOULEVARD MALESHERBES;Ubeeqo (avec bornes);Electrique & hybride rechargeable;oui;https://www.ubeeqo.com/;;5;"{""coordinates"": [2.3128649999275326, 48.880341000058145], ""type"": ""Point""}";48.880341000058145,2.3128649999275326
E-036;75010;6 RUE LOUIS BLANC;Ubeeqo (avec bornes);Electrique & hybride rechargeable;oui;https://www.ubeeqo.com/;;6;"{""coordinates"": [2.369254500577874, 48.87895499987573], ""type"": ""Point""}";48.87895499987573,2.369254500577874
U-011;75007;81 AVENUE BOSQUET;Clem-e;Electrique & hybride rechargeable;oui;https://www.clem-e.com/;;6;"{""coordinates"": [2.305480499649387, 48.855239999603974], ""type"": ""Point""}";48.855239999603974,2.305480499649387
U-023;75011;2 AVENUE PARMENTIER;Clem-e;Electrique & hybride rechargeable;oui;https://www.clem-e.com/;;5;"{""coordinates"": [2.379987000177737, 48.85880399973547], ""type"": ""Point""}";48.85880399973547,2.379987000177737
U-024;75012;46 QUAI DE LA RAPEE;Clem-e;Electrique & hybride rechargeable;oui;https://www.clem-e.com/;;6;"{""coordinates"": [2.372710499998869, 48.842019000056546], ""type"": ""Point""}";48.842019000056546,2.372710499998869
U-037;75008;422 RUE SAINT HONORE;Clem-e;Electrique & hybride rechargeable;oui;https://www.clem-e.com/;;5;"{""coordinates"": [2.32368749967972, 48.868316999837944], ""type"": ""Point""}";48.868316999837944,2.32368749967972
15-T042;75011;125 BIS AVENUE PARMENTIER;Communauto;Thermique & hybride;oui;https://paris.communauto.com/;;2;"{""coordinates"": [2.3716889998570614, 48.86887499964572], ""type"": ""Point""}";48.86887499964572,2.3716889998570614
15-T059;75002;122 RUE REAUMUR;Ubeeqo;Thermique & hybride;oui;https://www.ubeeqo.com/;;2;"{""coordinates"": [2.3445134996263812, 48.868073999618915], ""type"": ""Point""}";48.868073999618915,2.3445134996263812
15-T075;75015;19 RUE OLIER;Getaround;Thermique & hybride;oui;https://fr.getaround.com/;;2;"{""coordinates"": [2.2916250002714276, 48.83500800008544], ""type"": ""Point""}";48.83500800008544,2.2916250002714276
15-T090;75018;24 RUE CHAMPIONNET;Getaround;Thermique & hybride;oui;https://fr.getaround.com/;;2;"{""coordinates"": [2.3505929996659045, 48.895433999795], ""type"": ""Point""}";48.895433999795,2.3505929996659045
15-T097;75020;15 RUE DES GATINES;Communauto;Thermique & hybride;oui;https://paris.communauto.com/;;2;"{""coordinates"": [2.398140000430204, 48.86570700023713], ""type"": ""Point""}";48.86570700023713,2.398140000430204
18-T042;75013;28 RUE CHARLES FOURNIER;Communauto;Thermique & hybride;oui;https://paris.communauto.com/;;2;"{""coordinates"": [2.3508900006681364, 48.82554900037445], ""type"": ""Point""}";48.82554900037445,2.3508900006681364
18-T061;75015;136 AVENUE FELIX FAURE;Getaround;Thermique & hybride;oui;https://fr.getaround.com/;;2;"{""coordinates"": [2.279933999409989, 48.83769000022074], ""type"": ""Point""}";48.83769000022074,2.279933999409989
18-T063;75015;90 AVENUE FELIX FAURE;Getaround;Thermique & hybride;oui;https://fr.getaround.com/;;2;"{""coordinates"": [2.2836600004351344, 48.83950799970491], ""type"": ""Point""}";48.83950799970491,2.2836600004351344
18-T097;75017;46 BOULEVARD PEREIRE;Getaround;Thermique & hybride;oui;https://fr.getaround.com/;;2;"{""coordinates"": [2.3056425000584215, 48.88777499956913], ""type"": ""Point""}";48.88777499956913,2.3056425000584215
18-T118;75002;3 RUE DE LA PAIX;Getaround;Thermique & hybride;oui;https://fr.getaround.com/;;2;"{""coordinates"": [2.3304509995673297, 48.868685999902205], ""type"": ""Point""}";48.868685999902205,2.3304509995673297
18-T107;75017;14 BOULEVARD PERSHING;Getaround;Thermique & hybride;oui;https://fr.getaround.com/;;2;"{""coordinates"": [2.2838176217317097, 48.88076915316162], ""type"": ""Point""}";48.88076915316162,2.2838176217317097
E-004;75003;39 RUE DE VOLTA;Ubeeqo (avec bornes);Electrique & hybride rechargeable;oui;https://www.ubeeqo.com/;;4;"{""coordinates"": [2.3578515005876612, 48.86648100028483], ""type"": ""Point""}";48.86648100028483,2.3578515005876612
E-020;75007;30 BOULEVARD DES INVALIDES;Ubeeqo (avec bornes);Electrique & hybride rechargeable;oui;https://www.ubeeqo.com/;;4;"{""coordinates"": [2.314273499753551, 48.852189000030066], ""type"": ""Point""}";48.852189000030066,2.314273499753551
E-080;75015;33 RUE DE DANTZIG;Ubeeqo (avec bornes);Electrique & hybride rechargeable;oui;https://www.ubeeqo.com/;;6;"{""coordinates"": [2.299193999891735, 48.83381100022941], ""type"": ""Point""}";48.83381100022941,2.299193999891735
E-127;75019;44 RUE ARMAND CARREL;Ubeeqo (avec bornes);Electrique & hybride rechargeable;oui;https://www.ubeeqo.com/;;5;"{""coordinates"": [2.376355500147722, 48.88286999986598], ""type"": ""Point""}";48.88286999986598,2.376355500147722
E-146;75020;328 RUE DES PYRENEES;Ubeeqo (avec bornes);Electrique & hybride rechargeable;oui;https://www.ubeeqo.com/;;5;"{""coordinates"": [2.3905260000251123, 48.873140999852566], ""type"": ""Point""}";48.873140999852566,2.3905260000251123
U-020;75010;242 RUE DU FAUBOURG SAINT MARTIN;Clem-e;Electrique & hybride rechargeable;oui;https://www.clem-e.com/;;5;"{""coordinates"": [2.3665184999201787, 48.8820419996096], ""type"": ""Point""}";48.8820419996096,2.3665184999201787
U-029;75013;157 BOULEVARD DE L HOPITAL;Clem-e;Electrique & hybride rechargeable;oui;https://www.clem-e.com/;;6;"{""coordinates"": [2.3571074503518763, 48.83318551957493], ""type"": ""Point""}";48.83318551957493,2.3571074503518763
U-033;75015;54 RUE HERICART;Clem-e;Electrique & hybride rechargeable;oui;https://www.clem-e.com/;;4;"{""coordinates"": [2.287021500277054, 48.848894999555405], ""type"": ""Point""}";48.848894999555405,2.287021500277054
15-T006;75003;18 RUE CAFFARELLI;Ubeeqo;Thermique & hybride;oui;https://www.ubeeqo.com/;;2;"{""coordinates"": [2.3623335002725816, 48.86389800044239], ""type"": ""Point""}";48.86389800044239,2.3623335002725816
15-T027;75009;1 RUE MILTON;Communauto;Thermique & hybride;oui;https://paris.communauto.com/;;2;"{""coordinates"": [2.3403780005377883, 48.87676799966177], ""type"": ""Point""}";48.87676799966177,2.3403780005377883
15-T041;75011;108 BOULEVARD RICHARD LENOIR;Communauto;Thermique & hybride;oui;https://paris.communauto.com/;;2;"{""coordinates"": [2.371572000348284, 48.863898000038574], ""type"": ""Point""}";48.863898000038574,2.371572000348284
15-T056;75013;21 RUE TOLBIAC;Ubeeqo;Thermique & hybride;oui;https://www.ubeeqo.com/;;2;"{""coordinates"": [2.3739570003032133, 48.828905999931436], ""type"": ""Point""}";48.828905999931436,2.3739570003032133
15-T073;75015;26 PLACE ETIENNE PERNET;Getaround;Thermique & hybride;oui;https://fr.getaround.com/;;2;"{""coordinates"": [2.292030000136142, 48.842567999576914], ""type"": ""Point""}";48.842567999576914,2.292030000136142
18-T022;75010;41 RUE LOUIS BLANC;Getaround;Thermique & hybride;oui;https://fr.getaround.com/;;2;"{""coordinates"": [2.364052499555603, 48.881574000198334], ""type"": ""Point""}";48.881574000198334,2.364052499555603
18-T081;75016;15 AVENUE PAUL DOUMER;Communauto;Thermique & hybride;oui;https://paris.communauto.com/;;2;"{""coordinates"": [2.284829999773464, 48.861324000290345], ""type"": ""Point""}";48.861324000290345,2.284829999773464
18-T101;75017;10 RUE CURNONSKY;Ubeeqo;Thermique & hybride;oui;https://www.ubeeqo.com/;;2;"{""coordinates"": [2.2966064998927056, 48.890511000054154], ""type"": ""Point""}";48.890511000054154,2.2966064998927056
18-T104;75017;39 RUE BROCHANT;Ubeeqo;Thermique & hybride;oui;https://www.ubeeqo.com/;;2;"{""coordinates"": [2.3193539999985098, 48.89011500000944], ""type"": ""Point""}";48.89011500000944,2.3193539999985098
E-016;75006;39 RUE NOTRE DAME DES CHAMPS;Ubeeqo (avec bornes);Electrique & hybride rechargeable;oui;https://www.ubeeqo.com/;;4;"{""coordinates"": [2.329240499489366, 48.84490799995737], ""type"": ""Point""}";48.84490799995737,2.329240499489366
E-038;75010;52 RUE DE CHATEAU LANDON;Ubeeqo (avec bornes);Electrique & hybride rechargeable;oui;https://www.ubeeqo.com/;;4;"{""coordinates"": [2.3643000001701817, 48.88360800029518], ""type"": ""Point""}";48.88360800029518,2.3643000001701817
E-041;75011;1 RUE LEON FROT;Ubeeqo (avec bornes);Electrique & hybride rechargeable;oui;https://www.ubeeqo.com/;;4;"{""coordinates"": [2.388149999674403, 48.853331999776245], ""type"": ""Point""}";48.853331999776245,2.388149999674403
E-076;75014;59 BOULEVARD SAINT JACQUES;Ubeeqo (avec bornes);Electrique & hybride rechargeable;oui;https://www.ubeeqo.com/;;6;"{""coordinates"": [2.3361075005939846, 48.83283000019831], ""type"": ""Point""}";48.83283000019831,2.3361075005939846
E-100;75016;6 RUE ADOLPHE YVON;Ubeeqo (avec bornes);Electrique & hybride rechargeable;oui;https://www.ubeeqo.com/;;6;"{""coordinates"": [2.2710330006377015, 48.864267000191425], ""type"": ""Point""}";48.864267000191425,2.2710330006377015
E-126;75019;29 RUE EMILE REYNAUD;Ubeeqo (avec bornes);Electrique & hybride rechargeable;oui;https://www.ubeeqo.com/;;6;"{""coordinates"": [2.386453499327381, 48.90154499957066], ""type"": ""Point""}";48.90154499957066,2.386453499327381
E-129;75019;7 BOULEVARD D ALGERIE;Ubeeqo (avec bornes);Electrique & hybride rechargeable;oui;https://www.ubeeqo.com/;;4;"{""coordinates"": [2.4004709996137277, 48.87987300004915], ""type"": ""Point""}";48.87987300004915,2.4004709996137277
E-131;75019;22 RUE DE LORRAINE;Ubeeqo (avec bornes);Electrique & hybride rechargeable;oui;https://www.ubeeqo.com/;;4;"{""coordinates"": [2.3834745000461695, 48.88566000021973], ""type"": ""Point""}";48.88566000021973,2.3834745000461695
E-142;75020;231 RUE DES PYRENNEES;Ubeeqo (avec bornes);Electrique & hybride rechargeable;oui;https://www.ubeeqo.com/;;4;"{""coordinates"": [2.399193000563695, 48.86377200007496], ""type"": ""Point""}";48.86377200007496,2.399193000563695
U-039;75016;1 BOULEVARD MURAT;Clem-e;Electrique & hybride rechargeable;oui;https://www.clem-e.com/;;5;"{""coordinates"": [2.258982000081363, 48.847671000004965], ""type"": ""Point""}";48.847671000004965,2.258982000081363
15-T030;75009;3 RUE JULES LEFEBVRE;Ubeeqo;Thermique & hybride;oui;https://www.ubeeqo.com/;;2;"{""coordinates"": [2.3279579993388175, 48.88041299991197], ""type"": ""Point""}";48.88041299991197,2.3279579993388175
15-T046;75011;14 RUE JEAN MACE;Getaround;Thermique & hybride;oui;https://fr.getaround.com/;;2;"{""coordinates"": [2.3834249999121755, 48.85325099981694], ""type"": ""Point""}";48.85325099981694,2.3834249999121755
15-T094;75019;169 AVENUE DE FLANDRE;Communauto;Thermique & hybride;oui;https://paris.communauto.com/;;2;"{""coordinates"": [2.381080500172892, 48.894246000348026], ""type"": ""Point""}";48.894246000348026,2.381080500172892
15-T095;75019;10 AVENUE MATHURIN MOREAU;Ubeeqo;Thermique & hybride;oui;https://www.ubeeqo.com/;;2;"{""coordinates"": [2.3718644996603633, 48.87804600044533], ""type"": ""Point""}";48.87804600044533,2.3718644996603633
15-T102;75020;3 RUE FREDERIC LOLIEE;Communauto;Thermique & hybride;oui;https://paris.communauto.com/;;2;"{""coordinates"": [2.405731500635521, 48.84953399996619], ""type"": ""Point""}";48.84953399996619,2.405731500635521
18-T031;75012;73 AVENUE LEDRU ROLLIN;Getaround;Thermique & hybride;oui;https://fr.getaround.com/;;2;"{""coordinates"": [2.3744114994763095, 48.8499030003226], ""type"": ""Point""}";48.8499030003226,2.3744114994763095
18-T085;75016;3 RUE DE LA TOUR;Communauto;Thermique & hybride;oui;https://paris.communauto.com/;;2;"{""coordinates"": [2.2840435200915525, 48.85869243517055], ""type"": ""Point""}";48.85869243517055,2.2840435200915525
E-084;75015;33 RUE DE LOURMEL;Ubeeqo (avec bornes);Electrique & hybride rechargeable;oui;https://www.ubeeqo.com/;;6;"{""coordinates"": [2.290531499689534, 48.8482919997579], ""type"": ""Point""}";48.8482919997579,2.290531499689534
E-101;75016;93 AVENUE VICTOR HUGO;Ubeeqo (avec bornes);Electrique & hybride rechargeable;oui;https://www.ubeeqo.com/;;6;"{""coordinates"": [2.284573499576887, 48.86920800003585], ""type"": ""Point""}";48.86920800003585,2.284573499576887
E-108;75017;46 AVENUE DE VILLIERS;Ubeeqo (avec bornes);Electrique & hybride rechargeable;oui;https://www.ubeeqo.com/;;6;"{""coordinates"": [2.308067999466554, 48.8832660001743], ""type"": ""Point""}";48.8832660001743,2.308067999466554
E-145;75020;30 BOULEVARD DE MENILMONTANT;Ubeeqo (avec bornes);Electrique & hybride rechargeable;oui;https://www.ubeeqo.com/;;6;"{""coordinates"": [2.387861999632507, 48.862700999805924], ""type"": ""Point""}";48.862700999805924,2.387861999632507
E-148;75020;65 COURS DE VINCENNES;Ubeeqo (avec bornes);Electrique & hybride rechargeable;oui;https://www.ubeeqo.com/;;6;"{""coordinates"": [2.4054164996759075, 48.84793199985207], ""type"": ""Point""}";48.84793199985207,2.4054164996759075
U-003;75002;10 RUE DU QUATRE SEPTEMBRE;Clem-e;Electrique & hybride rechargeable;oui;https://www.clem-e.com/;;5;"{""coordinates"": [2.3383845006490356, 48.869334000119316], ""type"": ""Point""}";48.869334000119316,2.3383845006490356
U-008;75005;19 RUE DES ECOLES;Clem-e;Electrique & hybride rechargeable;oui;https://www.clem-e.com/;;5;"{""coordinates"": [2.3509530003566477, 48.84785100009837], ""type"": ""Point""}";48.84785100009837,2.3509530003566477
U-040;75017;92 BOULEVARD DES BATIGNOLLES;Clem-e;Electrique & hybride rechargeable;oui;https://www.clem-e.com/;;4;"{""coordinates"": [2.3175944997667326, 48.881736000167045], ""type"": ""Point""}";48.881736000167045,2.3175944997667326
U-042;75017;115 BOULEVARD PEREIRE;Clem-e;Electrique & hybride rechargeable;oui;https://www.clem-e.com/;;6;"{""coordinates"": [2.299193999818139, 48.885650999796425], ""type"": ""Point""}";48.885650999796425,2.299193999818139
15-T071;75015;10 AVENUE EMILE ZOLA;Communauto;Thermique & hybride;oui;https://paris.communauto.com/;;2;"{""coordinates"": [2.2788585006253688, 48.846086999672345], ""type"": ""Point""}";48.846086999672345,2.2788585006253688
18-T016;75009;7 RUE FORCHOT;Communauto;Thermique & hybride;oui;https://paris.communauto.com/;;2;"{""coordinates"": [2.337327000490543, 48.881502000311336], ""type"": ""Point""}";48.881502000311336,2.337327000490543
18-T034;75012;75 RUE DU RENDEZ VOUS;Getaround;Thermique & hybride;oui;https://fr.getaround.com/;;2;"{""coordinates"": [2.40029550034161, 48.84679799963911], ""type"": ""Point""}";48.84679799963911,2.40029550034161
18-T074;75015;25 RUE DE CEVENNES;Communauto;Thermique & hybride;oui;https://paris.communauto.com/;;2;"{""coordinates"": [2.277904500346813, 48.84377399962951], ""type"": ""Point""}";48.84377399962951,2.277904500346813
18-T091;75017;1 RUE NAVIER;Getaround;Thermique & hybride;oui;https://fr.getaround.com/;;2;"{""coordinates"": [2.3280075004277294, 48.8954879996911], ""type"": ""Point""}";48.8954879996911,2.3280075004277294
18-T142;75020;8 RUE DES MARONITES;Ubeeqo;Thermique & hybride;oui;https://www.ubeeqo.com/;;2;"{""coordinates"": [2.38334400049527, 48.867947999919394], ""type"": ""Point""}";48.867947999919394,2.38334400049527
E-003;75002;31 RUE DU LOUVRE;Ubeeqo (avec bornes);Electrique & hybride rechargeable;oui;https://www.ubeeqo.com/;;4;"{""coordinates"": [2.343352500407048, 48.866111999794946], ""type"": ""Point""}";48.866111999794946,2.343352500407048
E-009;75005;27 RUE GEOFFROY SAINT HILAIRE;Ubeeqo (avec bornes);Electrique & hybride rechargeable;oui;https://www.ubeeqo.com/;;6;"{""coordinates"": [2.35610099952989, 48.840390000000575], ""type"": ""Point""}";48.840390000000575,2.35610099952989
E-037;75010;47 RUE DE LA GRANGE AUX BELLES;Ubeeqo (avec bornes);Electrique & hybride rechargeable;oui;https://www.ubeeqo.com/;;5;"{""coordinates"": [2.368071000117922, 48.87598500028603], ""type"": ""Point""}";48.87598500028603,2.368071000117922
E-054;75012;80 RUE DE REUILLY;Ubeeqo (avec bornes);Electrique & hybride rechargeable;oui;https://www.ubeeqo.com/;;5;"{""coordinates"": [2.391291000509077, 48.843135000184446], ""type"": ""Point""}";48.843135000184446,2.391291000509077
E-106;75017;4 RUE POUCHET;Ubeeqo (avec bornes);Electrique & hybride rechargeable;oui;https://www.ubeeqo.com/;;5;"{""coordinates"": [2.3187869995669894, 48.891752999594054], ""type"": ""Point""}";48.891752999594054,2.3187869995669894
E-133;75019;96 AVENUE SIMON BOLIVAR;Ubeeqo (avec bornes);Electrique & hybride rechargeable;oui;https://www.ubeeqo.com/;;6;"{""coordinates"": [2.374204500402022, 48.87760500034879], ""type"": ""Point""}";48.87760500034879,2.374204500402022
U-004;75003;27 RUE PASTOURELLE;Clem-e;Electrique & hybride rechargeable;oui;https://www.clem-e.com/;;6;"{""coordinates"": [2.359057499727902, 48.8627999996359], ""type"": ""Point""}";48.8627999996359,2.359057499727902
15-T040;75011;34 RUE MORET;Communauto;Thermique & hybride;oui;https://paris.communauto.com/;;2;"{""coordinates"": [2.3787495005646364, 48.86792099991281], ""type"": ""Point""}";48.86792099991281,2.3787495005646364
15-T063;75014;9 AVENUE RENE COTY;Ubeeqo;Thermique & hybride;oui;https://www.ubeeqo.com/;;2;"{""coordinates"": [2.333816999535741, 48.83115599961485], ""type"": ""Point""}";48.83115599961485,2.333816999535741
15-T069;75015;5 AVENUE DE SUFFREN;Getaround;Thermique & hybride;oui;https://fr.getaround.com/;;2;"{""coordinates"": [2.292210000299249, 48.85689599973083], ""type"": ""Point""}";48.85689599973083,2.292210000299249
15-T077;75016;94 BOULEVARD MURAT;Communauto;Thermique & hybride;oui;https://paris.communauto.com/;;2;"{""coordinates"": [2.256380999577919, 48.839319000368576], ""type"": ""Point""}";48.839319000368576,2.256380999577919
15-T092;75003;8 RUE DE BRETAGNE;Communauto;Thermique & hybride;oui;https://paris.communauto.com/;;2;"{""coordinates"": [2.3640299993291336, 48.86225100009947], ""type"": ""Point""}";48.86225100009947,2.3640299993291336
15-T103;75009;33 BOULEVARD ROCHECHOUART;Communauto;Thermique & hybride;oui;https://paris.communauto.com/;;2;"{""coordinates"": [2.3453774998989023, 48.882906000223855], ""type"": ""Point""}";48.882906000223855,2.3453774998989023
18-T025;75011;6 RUE GOBERT;Getaround;Thermique & hybride;oui;https://fr.getaround.com/;;2;"{""coordinates"": [2.382529500181147, 48.85560000023247], ""type"": ""Point""}";48.85560000023247,2.382529500181147
18-T037;75012;61 RUE DE FECAMP;Communauto;Thermique & hybride;oui;https://paris.communauto.com/;;2;"{""coordinates"": [2.4018074997895407, 48.83695200029025], ""type"": ""Point""}";48.83695200029025,2.4018074997895407
18-T041;75013;90 RUE NATIONALE;Ubeeqo;Thermique & hybride;oui;https://www.ubeeqo.com/;;2;"{""coordinates"": [2.366397000358163, 48.827357999790905], ""type"": ""Point""}";48.827357999790905,2.366397000358163
18-T043;75013;73 AVENUE D ITALIE;Communauto;Thermique & hybride;oui;https://paris.communauto.com/;;2;"{""coordinates"": [2.3578379995593117, 48.82530600000855], ""type"": ""Point""}";48.82530600000855,2.3578379995593117
18-T049;75013;185 AVENUE DE CHOISY;Ubeeqo;Thermique & hybride;oui;https://www.ubeeqo.com/;;2;"{""coordinates"": [2.3573744995090062, 48.82914000016289], ""type"": ""Point""}";48.82914000016289,2.3573744995090062
18-T076;75015;3 RUE BEAUGRENELLE;Ubeeqo;Thermique & hybride;oui;https://www.ubeeqo.com/;;2;"{""coordinates"": [2.284843499658807, 48.847967999866086], ""type"": ""Point""}";48.847967999866086,2.284843499658807
18-T084;75016;186 AVENUE VICTOR HUGO;Ubeeqo;Thermique & hybride;oui;https://www.ubeeqo.com/;;2;"{""coordinates"": [2.274912000488354, 48.86538300012118], ""type"": ""Point""}";48.86538300012118,2.274912000488354
